"","state_predictions"
"1","HighVol"
"2","HighVol"
"3","Trans"
"4","HighVol"
"5","HighVol"
"6","HighVol"
"7","Trans"
"8","Trans"
"9","Trans"
"10","Trans"
"11","Trans"
"12","Trans"
"13","Trans"
"14","Trans"
"15","Trans"
"16","Trans"
"17","Trans"
"18","Trans"
"19","Trans"
"20","Trans"
"21","Trans"
"22","Trans"
"23","Trans"
"24","Trans"
"25","Trans"
"26","Trans"
"27","Trans"
"28","Trans"
"29","Trans"
"30","Trans"
"31","Trans"
"32","Trans"
"33","Trans"
"34","Trans"
"35","Trans"
"36","Trans"
"37","Trans"
"38","Trans"
"39","Trans"
"40","Trans"
"41","Trans"
"42","Trans"
"43","Trans"
"44","Trans"
"45","Trans"
"46","Trans"
"47","Trans"
"48","Trans"
"49","Trans"
"50","Trans"
"51","HighVol"
"52","HighVol"
"53","HighVol"
"54","HighVol"
"55","HighVol"
"56","HighVol"
"57","HighVol"
"58","Trans"
"59","Trans"
"60","Trans"
"61","Trans"
"62","Trans"
"63","Trans"
"64","Trans"
"65","Trans"
"66","Trans"
"67","Trans"
"68","Trans"
"69","Trans"
"70","Trans"
"71","Trans"
"72","HighVol"
"73","HighVol"
"74","HighVol"
"75","HighVol"
"76","HighVol"
"77","HighVol"
"78","HighVol"
"79","HighVol"
"80","HighVol"
"81","HighVol"
"82","HighVol"
"83","HighVol"
"84","HighVol"
"85","HighVol"
"86","HighVol"
"87","Trans"
"88","Trans"
"89","Trans"
"90","Trans"
"91","Trans"
"92","HighVol"
"93","Trans"
"94","Trans"
"95","Trans"
"96","Trans"
"97","Trans"
"98","Trans"
"99","Trans"
"100","Trans"
"101","Trans"
"102","HighVol"
"103","HighVol"
"104","HighVol"
"105","HighVol"
"106","HighVol"
"107","Trans"
"108","Trans"
"109","Trans"
"110","Trans"
"111","Trans"
"112","Trans"
"113","Trans"
"114","Trans"
"115","Trans"
"116","Trans"
"117","Trans"
"118","Trans"
"119","Trans"
"120","Trans"
"121","Trans"
"122","Trans"
"123","Trans"
"124","Trans"
"125","Trans"
"126","Trans"
"127","Trans"
"128","Trans"
"129","Trans"
"130","Trans"
"131","Trans"
"132","Trans"
"133","Trans"
"134","Trans"
"135","Trans"
"136","Trans"
"137","Trans"
"138","Trans"
"139","Trans"
"140","Trans"
"141","Trans"
"142","Trans"
"143","Trans"
"144","Trans"
"145","Trans"
"146","Trans"
"147","Trans"
"148","Trans"
"149","Trans"
"150","Trans"
"151","Trans"
"152","Trans"
"153","Trans"
"154","Trans"
"155","Trans"
"156","Trans"
"157","Trans"
"158","Trans"
"159","Trans"
"160","Trans"
"161","Trans"
"162","Trans"
"163","Trans"
"164","Trans"
"165","Trans"
"166","Trans"
"167","LowVol"
"168","Trans"
"169","LowVol"
"170","Trans"
"171","Trans"
"172","Trans"
"173","Trans"
"174","Trans"
"175","Trans"
"176","LowVol"
"177","LowVol"
"178","LowVol"
"179","Trans"
"180","Trans"
"181","Trans"
"182","Trans"
"183","Trans"
"184","Trans"
"185","Trans"
"186","Trans"
"187","Trans"
"188","Trans"
"189","Trans"
"190","Trans"
"191","Trans"
"192","Trans"
"193","Trans"
"194","Trans"
"195","Trans"
"196","Trans"
"197","Trans"
"198","HighVol"
"199","HighVol"
"200","HighVol"
"201","Trans"
"202","HighVol"
"203","HighVol"
"204","HighVol"
"205","Trans"
"206","HighVol"
"207","HighVol"
"208","Trans"
"209","Trans"
"210","HighVol"
"211","Trans"
"212","Trans"
"213","Trans"
"214","Trans"
"215","Trans"
"216","Trans"
"217","Trans"
"218","Trans"
"219","Trans"
"220","Trans"
"221","Trans"
"222","Trans"
"223","Trans"
"224","Trans"
"225","Trans"
"226","Trans"
"227","Trans"
"228","Trans"
"229","Trans"
"230","Trans"
"231","Trans"
"232","Trans"
"233","Trans"
"234","HighVol"
"235","HighVol"
"236","HighVol"
"237","HighVol"
"238","Trans"
"239","Trans"
"240","Trans"
"241","Trans"
"242","Trans"
"243","Trans"
"244","Trans"
"245","HighVol"
"246","HighVol"
"247","HighVol"
"248","HighVol"
"249","HighVol"
"250","Trans"
"251","Trans"
"252","HighVol"
"253","HighVol"
"254","HighVol"
"255","HighVol"
"256","HighVol"
"257","HighVol"
"258","HighVol"
"259","Trans"
"260","Trans"
"261","Trans"
"262","Trans"
"263","Trans"
"264","Trans"
"265","Trans"
"266","Trans"
"267","Trans"
"268","Trans"
"269","Trans"
"270","Trans"
"271","Trans"
"272","Trans"
"273","Trans"
"274","Trans"
"275","Trans"
"276","Trans"
"277","Trans"
"278","Trans"
"279","Trans"
"280","Trans"
"281","Trans"
"282","Trans"
"283","Trans"
"284","Trans"
"285","Trans"
"286","Trans"
"287","Trans"
"288","Trans"
"289","Trans"
"290","Trans"
"291","Trans"
"292","Trans"
"293","Trans"
"294","Trans"
"295","Trans"
"296","Trans"
"297","Trans"
"298","Trans"
"299","HighVol"
"300","HighVol"
"301","HighVol"
"302","HighVol"
"303","HighVol"
"304","HighVol"
"305","HighVol"
"306","HighVol"
"307","HighVol"
"308","HighVol"
"309","HighVol"
"310","HighVol"
"311","HighVol"
"312","HighVol"
"313","HighVol"
"314","HighVol"
"315","HighVol"
"316","HighVol"
"317","HighVol"
"318","HighVol"
"319","HighVol"
"320","HighVol"
"321","HighVol"
"322","HighVol"
"323","HighVol"
"324","HighVol"
"325","HighVol"
"326","HighVol"
"327","HighVol"
"328","HighVol"
"329","HighVol"
"330","HighVol"
"331","HighVol"
"332","HighVol"
"333","Trans"
"334","Trans"
"335","Trans"
"336","Trans"
"337","Trans"
"338","Trans"
"339","Trans"
"340","Trans"
"341","Trans"
"342","Trans"
"343","Trans"
"344","Trans"
"345","Trans"
"346","Trans"
"347","Trans"
"348","Trans"
"349","Trans"
"350","Trans"
"351","Trans"
"352","Trans"
"353","Trans"
"354","Trans"
"355","Trans"
"356","Trans"
"357","Trans"
"358","Trans"
"359","Trans"
"360","Trans"
"361","Trans"
"362","Trans"
"363","Trans"
"364","Trans"
"365","Trans"
"366","Trans"
"367","Trans"
"368","Trans"
"369","Trans"
"370","Trans"
"371","Trans"
"372","Trans"
"373","Trans"
"374","Trans"
"375","Trans"
"376","Trans"
"377","Trans"
"378","Trans"
"379","Trans"
"380","Trans"
"381","Trans"
"382","Trans"
"383","Trans"
"384","Trans"
"385","Trans"
"386","Trans"
"387","Trans"
"388","Trans"
"389","Trans"
"390","Trans"
"391","Trans"
"392","Trans"
"393","Trans"
"394","Trans"
"395","Trans"
"396","Trans"
"397","Trans"
"398","Trans"
"399","Trans"
"400","Trans"
"401","Trans"
"402","Trans"
"403","Trans"
"404","Trans"
"405","Trans"
"406","Trans"
"407","Trans"
"408","Trans"
"409","Trans"
"410","Trans"
"411","Trans"
"412","Trans"
"413","Trans"
"414","Trans"
"415","Trans"
"416","Trans"
"417","Trans"
"418","Trans"
"419","Trans"
"420","Trans"
"421","Trans"
"422","Trans"
"423","Trans"
"424","Trans"
"425","Trans"
"426","HighVol"
"427","HighVol"
"428","HighVol"
"429","HighVol"
"430","HighVol"
"431","HighVol"
"432","HighVol"
"433","HighVol"
"434","HighVol"
"435","HighVol"
"436","HighVol"
"437","HighVol"
"438","HighVol"
"439","Trans"
"440","Trans"
"441","Trans"
"442","Trans"
"443","Trans"
"444","Trans"
"445","Trans"
"446","Trans"
"447","Trans"
"448","Trans"
"449","Trans"
"450","Trans"
"451","Trans"
"452","Trans"
"453","Trans"
"454","Trans"
"455","Trans"
"456","Trans"
"457","Trans"
"458","Trans"
"459","Trans"
"460","Trans"
"461","Trans"
"462","Trans"
"463","Trans"
"464","Trans"
"465","Trans"
"466","Trans"
"467","Trans"
"468","Trans"
"469","Trans"
"470","Trans"
"471","Trans"
"472","Trans"
"473","Trans"
"474","Trans"
"475","Trans"
"476","Trans"
"477","Trans"
"478","Trans"
"479","Trans"
"480","Trans"
"481","Trans"
"482","Trans"
"483","Trans"
"484","Trans"
"485","Trans"
"486","Trans"
"487","Trans"
"488","Trans"
"489","Trans"
"490","Trans"
"491","Trans"
"492","Trans"
"493","Trans"
"494","Trans"
"495","Trans"
"496","Trans"
"497","Trans"
"498","Trans"
"499","Trans"
"500","Trans"
"501","Trans"
"502","Trans"
"503","Trans"
"504","Trans"
"505","Trans"
"506","Trans"
"507","Trans"
"508","Trans"
"509","Trans"
"510","Trans"
"511","Trans"
"512","Trans"
"513","Trans"
"514","Trans"
"515","Trans"
"516","Trans"
"517","Trans"
"518","Trans"
"519","Trans"
"520","Trans"
"521","Trans"
"522","Trans"
"523","Trans"
"524","Trans"
"525","Trans"
"526","Trans"
"527","Trans"
"528","Trans"
"529","Trans"
"530","Trans"
"531","Trans"
"532","Trans"
"533","Trans"
"534","Trans"
"535","Trans"
"536","Trans"
"537","Trans"
"538","Trans"
"539","Trans"
"540","Trans"
"541","Trans"
"542","Trans"
"543","Trans"
"544","Trans"
"545","Trans"
"546","Trans"
"547","Trans"
"548","Trans"
"549","Trans"
"550","Trans"
"551","Trans"
"552","Trans"
"553","Trans"
"554","Trans"
"555","Trans"
"556","Trans"
"557","Trans"
"558","Trans"
"559","Trans"
"560","Trans"
"561","Trans"
"562","Trans"
"563","Trans"
"564","Trans"
"565","Trans"
"566","Trans"
"567","Trans"
"568","Trans"
"569","Trans"
"570","Trans"
"571","Trans"
"572","Trans"
"573","Trans"
"574","Trans"
"575","Trans"
"576","Trans"
"577","Trans"
"578","Trans"
"579","Trans"
"580","Trans"
"581","Trans"
"582","Trans"
"583","Trans"
"584","Trans"
"585","Trans"
"586","Trans"
"587","HighVol"
"588","HighVol"
"589","HighVol"
"590","HighVol"
"591","HighVol"
"592","HighVol"
"593","Trans"
"594","Trans"
"595","Trans"
"596","Trans"
"597","Trans"
"598","Trans"
"599","Trans"
"600","Trans"
"601","Trans"
"602","Trans"
"603","Trans"
"604","Trans"
"605","Trans"
"606","Trans"
"607","Trans"
"608","Trans"
"609","Trans"
"610","Trans"
"611","Trans"
"612","Trans"
"613","Trans"
"614","Trans"
"615","Trans"
"616","Trans"
"617","Trans"
"618","Trans"
"619","Trans"
"620","Trans"
"621","Trans"
"622","Trans"
"623","Trans"
"624","Trans"
"625","Trans"
"626","Trans"
"627","HighVol"
"628","HighVol"
"629","HighVol"
"630","HighVol"
"631","HighVol"
"632","HighVol"
"633","HighVol"
"634","HighVol"
"635","Trans"
"636","HighVol"
"637","HighVol"
"638","HighVol"
"639","HighVol"
"640","HighVol"
"641","HighVol"
"642","HighVol"
"643","HighVol"
"644","HighVol"
"645","HighVol"
"646","HighVol"
"647","HighVol"
"648","HighVol"
"649","HighVol"
"650","HighVol"
"651","HighVol"
"652","HighVol"
"653","HighVol"
"654","HighVol"
"655","HighVol"
"656","HighVol"
"657","HighVol"
"658","HighVol"
"659","HighVol"
"660","HighVol"
"661","HighVol"
"662","HighVol"
"663","HighVol"
"664","HighVol"
"665","HighVol"
"666","HighVol"
"667","HighVol"
"668","HighVol"
"669","HighVol"
"670","HighVol"
"671","HighVol"
"672","HighVol"
"673","HighVol"
"674","HighVol"
"675","HighVol"
"676","HighVol"
"677","HighVol"
"678","HighVol"
"679","Trans"
"680","HighVol"
"681","HighVol"
"682","HighVol"
"683","HighVol"
"684","HighVol"
"685","HighVol"
"686","HighVol"
"687","HighVol"
"688","HighVol"
"689","HighVol"
"690","HighVol"
"691","HighVol"
"692","HighVol"
"693","HighVol"
"694","HighVol"
"695","HighVol"
"696","HighVol"
"697","HighVol"
"698","HighVol"
"699","HighVol"
"700","HighVol"
"701","HighVol"
"702","HighVol"
"703","HighVol"
"704","HighVol"
"705","HighVol"
"706","HighVol"
"707","HighVol"
"708","Trans"
"709","Trans"
"710","Trans"
"711","Trans"
"712","Trans"
"713","Trans"
"714","Trans"
"715","Trans"
"716","Trans"
"717","Trans"
"718","Trans"
"719","Trans"
"720","Trans"
"721","Trans"
"722","Trans"
"723","Trans"
"724","Trans"
"725","Trans"
"726","Trans"
"727","Trans"
"728","Trans"
"729","Trans"
"730","Trans"
"731","Trans"
"732","Trans"
"733","Trans"
"734","Trans"
"735","Trans"
"736","Trans"
"737","Trans"
"738","Trans"
"739","Trans"
"740","Trans"
"741","Trans"
"742","Trans"
"743","Trans"
"744","Trans"
"745","Trans"
"746","Trans"
"747","Trans"
"748","Trans"
"749","Trans"
"750","Trans"
"751","Trans"
"752","Trans"
"753","Trans"
"754","Trans"
"755","Trans"
"756","Trans"
"757","Trans"
"758","Trans"
"759","Trans"
"760","Trans"
"761","Trans"
"762","Trans"
"763","Trans"
"764","Trans"
"765","Trans"
"766","Trans"
"767","Trans"
"768","Trans"
"769","Trans"
"770","Trans"
"771","Trans"
"772","Trans"
"773","Trans"
"774","Trans"
"775","Trans"
"776","Trans"
"777","Trans"
"778","Trans"
"779","Trans"
"780","Trans"
"781","Trans"
"782","Trans"
"783","Trans"
"784","Trans"
"785","Trans"
"786","Trans"
"787","Trans"
"788","Trans"
"789","Trans"
"790","Trans"
"791","Trans"
"792","Trans"
"793","Trans"
"794","Trans"
"795","Trans"
"796","Trans"
"797","Trans"
"798","Trans"
"799","Trans"
"800","Trans"
"801","Trans"
"802","HighVol"
"803","HighVol"
"804","HighVol"
"805","Trans"
"806","HighVol"
"807","HighVol"
"808","HighVol"
"809","HighVol"
"810","HighVol"
"811","Trans"
"812","HighVol"
"813","Trans"
"814","HighVol"
"815","HighVol"
"816","Trans"
"817","Trans"
"818","Trans"
"819","Trans"
"820","Trans"
"821","Trans"
"822","Trans"
"823","Trans"
"824","Trans"
"825","Trans"
"826","Trans"
"827","Trans"
"828","Trans"
"829","Trans"
"830","Trans"
"831","Trans"
"832","Trans"
"833","Trans"
"834","Trans"
"835","Trans"
"836","Trans"
"837","Trans"
"838","Trans"
"839","Trans"
"840","Trans"
"841","Trans"
"842","Trans"
"843","Trans"
"844","Trans"
"845","Trans"
"846","Trans"
"847","Trans"
"848","Trans"
"849","Trans"
"850","Trans"
"851","Trans"
"852","Trans"
"853","Trans"
"854","Trans"
"855","Trans"
"856","Trans"
"857","Trans"
"858","Trans"
"859","Trans"
"860","Trans"
"861","Trans"
"862","Trans"
"863","Trans"
"864","Trans"
"865","Trans"
"866","Trans"
"867","Trans"
"868","Trans"
"869","Trans"
"870","Trans"
"871","Trans"
"872","Trans"
"873","Trans"
"874","Trans"
"875","Trans"
"876","Trans"
"877","Trans"
"878","Trans"
"879","Trans"
"880","Trans"
"881","Trans"
"882","Trans"
"883","Trans"
"884","Trans"
"885","Trans"
"886","Trans"
"887","Trans"
"888","Trans"
"889","Trans"
"890","Trans"
"891","Trans"
"892","Trans"
"893","Trans"
"894","Trans"
"895","Trans"
"896","Trans"
"897","Trans"
"898","Trans"
"899","Trans"
"900","Trans"
"901","Trans"
"902","Trans"
"903","Trans"
"904","Trans"
"905","Trans"
"906","Trans"
"907","Trans"
"908","Trans"
"909","Trans"
"910","Trans"
"911","Trans"
"912","Trans"
"913","Trans"
"914","Trans"
"915","LowVol"
"916","LowVol"
"917","LowVol"
"918","LowVol"
"919","LowVol"
"920","LowVol"
"921","LowVol"
"922","LowVol"
"923","LowVol"
"924","LowVol"
"925","Trans"
"926","Trans"
"927","LowVol"
"928","LowVol"
"929","Trans"
"930","Trans"
"931","Trans"
"932","Trans"
"933","Trans"
"934","Trans"
"935","Trans"
"936","Trans"
"937","Trans"
"938","Trans"
"939","Trans"
"940","Trans"
"941","Trans"
"942","Trans"
"943","Trans"
"944","Trans"
"945","Trans"
"946","Trans"
"947","Trans"
"948","Trans"
"949","Trans"
"950","Trans"
"951","LowVol"
"952","Trans"
"953","Trans"
"954","LowVol"
"955","Trans"
"956","Trans"
"957","Trans"
"958","Trans"
"959","Trans"
"960","Trans"
"961","Trans"
"962","Trans"
"963","Trans"
"964","Trans"
"965","LowVol"
"966","LowVol"
"967","LowVol"
"968","LowVol"
"969","LowVol"
"970","LowVol"
"971","LowVol"
"972","LowVol"
"973","LowVol"
"974","LowVol"
"975","LowVol"
"976","LowVol"
"977","LowVol"
"978","Trans"
"979","Trans"
"980","Trans"
"981","LowVol"
"982","Trans"
"983","LowVol"
"984","LowVol"
"985","LowVol"
"986","LowVol"
"987","LowVol"
"988","LowVol"
"989","LowVol"
"990","LowVol"
"991","LowVol"
"992","LowVol"
"993","LowVol"
"994","LowVol"
"995","LowVol"
"996","LowVol"
"997","LowVol"
"998","LowVol"
"999","LowVol"
"1000","LowVol"
"1001","LowVol"
"1002","LowVol"
"1003","LowVol"
"1004","LowVol"
"1005","LowVol"
"1006","LowVol"
"1007","LowVol"
"1008","LowVol"
"1009","LowVol"
"1010","LowVol"
"1011","LowVol"
"1012","LowVol"
"1013","LowVol"
"1014","LowVol"
"1015","LowVol"
"1016","LowVol"
"1017","LowVol"
"1018","LowVol"
"1019","LowVol"
"1020","LowVol"
"1021","LowVol"
"1022","LowVol"
"1023","LowVol"
"1024","LowVol"
"1025","LowVol"
"1026","LowVol"
"1027","LowVol"
"1028","LowVol"
"1029","LowVol"
"1030","LowVol"
"1031","LowVol"
"1032","LowVol"
"1033","LowVol"
"1034","LowVol"
"1035","LowVol"
"1036","LowVol"
"1037","LowVol"
"1038","LowVol"
"1039","LowVol"
"1040","LowVol"
"1041","LowVol"
"1042","LowVol"
"1043","LowVol"
"1044","LowVol"
"1045","LowVol"
"1046","LowVol"
"1047","LowVol"
"1048","LowVol"
"1049","LowVol"
"1050","LowVol"
"1051","Trans"
"1052","Trans"
"1053","Trans"
"1054","Trans"
"1055","Trans"
"1056","Trans"
"1057","Trans"
"1058","Trans"
"1059","Trans"
"1060","Trans"
"1061","Trans"
"1062","Trans"
"1063","Trans"
"1064","Trans"
"1065","Trans"
"1066","Trans"
"1067","Trans"
"1068","Trans"
"1069","Trans"
"1070","Trans"
"1071","Trans"
"1072","Trans"
"1073","Trans"
"1074","Trans"
"1075","Trans"
"1076","Trans"
"1077","Trans"
"1078","Trans"
"1079","Trans"
"1080","Trans"
"1081","Trans"
"1082","Trans"
"1083","Trans"
"1084","Trans"
"1085","Trans"
"1086","Trans"
"1087","Trans"
"1088","Trans"
"1089","Trans"
"1090","Trans"
"1091","Trans"
"1092","Trans"
"1093","Trans"
"1094","Trans"
"1095","Trans"
"1096","Trans"
"1097","Trans"
"1098","Trans"
"1099","Trans"
"1100","Trans"
"1101","Trans"
"1102","Trans"
"1103","Trans"
"1104","Trans"
"1105","Trans"
"1106","Trans"
"1107","Trans"
"1108","LowVol"
"1109","Trans"
"1110","LowVol"
"1111","Trans"
"1112","Trans"
"1113","Trans"
"1114","Trans"
"1115","Trans"
"1116","Trans"
"1117","Trans"
"1118","Trans"
"1119","LowVol"
"1120","LowVol"
"1121","LowVol"
"1122","LowVol"
"1123","LowVol"
"1124","LowVol"
"1125","LowVol"
"1126","LowVol"
"1127","LowVol"
"1128","LowVol"
"1129","LowVol"
"1130","LowVol"
"1131","LowVol"
"1132","LowVol"
"1133","LowVol"
"1134","LowVol"
"1135","LowVol"
"1136","LowVol"
"1137","LowVol"
"1138","LowVol"
"1139","LowVol"
"1140","LowVol"
"1141","LowVol"
"1142","LowVol"
"1143","LowVol"
"1144","LowVol"
"1145","LowVol"
"1146","LowVol"
"1147","LowVol"
"1148","LowVol"
"1149","LowVol"
"1150","LowVol"
"1151","LowVol"
"1152","LowVol"
"1153","Trans"
"1154","Trans"
"1155","Trans"
"1156","Trans"
"1157","Trans"
"1158","Trans"
"1159","Trans"
"1160","Trans"
"1161","Trans"
"1162","Trans"
"1163","Trans"
"1164","Trans"
"1165","Trans"
"1166","Trans"
"1167","Trans"
"1168","Trans"
"1169","Trans"
"1170","Trans"
"1171","LowVol"
"1172","Trans"
"1173","Trans"
"1174","LowVol"
"1175","LowVol"
"1176","LowVol"
"1177","LowVol"
"1178","LowVol"
"1179","LowVol"
"1180","LowVol"
"1181","LowVol"
"1182","LowVol"
"1183","LowVol"
"1184","LowVol"
"1185","LowVol"
"1186","LowVol"
"1187","LowVol"
"1188","LowVol"
"1189","LowVol"
"1190","LowVol"
"1191","LowVol"
"1192","LowVol"
"1193","LowVol"
"1194","LowVol"
"1195","LowVol"
"1196","LowVol"
"1197","LowVol"
"1198","LowVol"
"1199","LowVol"
"1200","LowVol"
"1201","LowVol"
"1202","LowVol"
"1203","LowVol"
"1204","LowVol"
"1205","LowVol"
"1206","LowVol"
"1207","LowVol"
"1208","LowVol"
"1209","LowVol"
"1210","LowVol"
"1211","LowVol"
"1212","LowVol"
"1213","LowVol"
"1214","LowVol"
"1215","LowVol"
"1216","LowVol"
"1217","LowVol"
"1218","LowVol"
"1219","LowVol"
"1220","LowVol"
"1221","LowVol"
"1222","LowVol"
"1223","LowVol"
"1224","LowVol"
"1225","LowVol"
"1226","LowVol"
"1227","LowVol"
"1228","LowVol"
"1229","LowVol"
"1230","LowVol"
"1231","LowVol"
"1232","LowVol"
"1233","LowVol"
"1234","LowVol"
"1235","LowVol"
"1236","LowVol"
"1237","LowVol"
"1238","LowVol"
"1239","LowVol"
"1240","LowVol"
"1241","LowVol"
"1242","LowVol"
"1243","LowVol"
"1244","LowVol"
"1245","LowVol"
"1246","LowVol"
"1247","LowVol"
"1248","LowVol"
"1249","LowVol"
"1250","LowVol"
"1251","LowVol"
"1252","LowVol"
"1253","LowVol"
"1254","LowVol"
"1255","LowVol"
"1256","LowVol"
"1257","LowVol"
"1258","LowVol"
"1259","LowVol"
"1260","LowVol"
"1261","LowVol"
"1262","LowVol"
"1263","LowVol"
"1264","LowVol"
"1265","LowVol"
"1266","LowVol"
"1267","LowVol"
"1268","LowVol"
"1269","LowVol"
"1270","LowVol"
"1271","LowVol"
"1272","LowVol"
"1273","LowVol"
"1274","LowVol"
"1275","LowVol"
"1276","LowVol"
"1277","LowVol"
"1278","LowVol"
"1279","LowVol"
"1280","LowVol"
"1281","LowVol"
"1282","LowVol"
"1283","LowVol"
"1284","LowVol"
"1285","LowVol"
"1286","LowVol"
"1287","LowVol"
"1288","LowVol"
"1289","LowVol"
"1290","LowVol"
"1291","LowVol"
"1292","LowVol"
"1293","LowVol"
"1294","LowVol"
"1295","LowVol"
"1296","LowVol"
"1297","LowVol"
"1298","LowVol"
"1299","LowVol"
"1300","LowVol"
"1301","LowVol"
"1302","LowVol"
"1303","LowVol"
"1304","LowVol"
"1305","LowVol"
"1306","LowVol"
"1307","LowVol"
"1308","LowVol"
"1309","LowVol"
"1310","LowVol"
"1311","LowVol"
"1312","LowVol"
"1313","LowVol"
"1314","LowVol"
"1315","LowVol"
"1316","LowVol"
"1317","LowVol"
"1318","LowVol"
"1319","LowVol"
"1320","LowVol"
"1321","LowVol"
"1322","LowVol"
"1323","LowVol"
"1324","LowVol"
"1325","LowVol"
"1326","LowVol"
"1327","Trans"
"1328","Trans"
"1329","LowVol"
"1330","Trans"
"1331","Trans"
"1332","Trans"
"1333","Trans"
"1334","Trans"
"1335","Trans"
"1336","Trans"
"1337","Trans"
"1338","Trans"
"1339","Trans"
"1340","Trans"
"1341","Trans"
"1342","Trans"
"1343","Trans"
"1344","Trans"
"1345","Trans"
"1346","Trans"
"1347","Trans"
"1348","Trans"
"1349","Trans"
"1350","Trans"
"1351","Trans"
"1352","Trans"
"1353","Trans"
"1354","Trans"
"1355","Trans"
"1356","Trans"
"1357","Trans"
"1358","Trans"
"1359","Trans"
"1360","LowVol"
"1361","LowVol"
"1362","LowVol"
"1363","LowVol"
"1364","LowVol"
"1365","LowVol"
"1366","LowVol"
"1367","LowVol"
"1368","LowVol"
"1369","LowVol"
"1370","LowVol"
"1371","LowVol"
"1372","LowVol"
"1373","LowVol"
"1374","LowVol"
"1375","LowVol"
"1376","LowVol"
"1377","LowVol"
"1378","LowVol"
"1379","LowVol"
"1380","LowVol"
"1381","LowVol"
"1382","LowVol"
"1383","LowVol"
"1384","LowVol"
"1385","LowVol"
"1386","LowVol"
"1387","LowVol"
"1388","LowVol"
"1389","LowVol"
"1390","LowVol"
"1391","LowVol"
"1392","LowVol"
"1393","LowVol"
"1394","LowVol"
"1395","LowVol"
"1396","LowVol"
"1397","LowVol"
"1398","LowVol"
"1399","LowVol"
"1400","LowVol"
"1401","LowVol"
"1402","LowVol"
"1403","LowVol"
"1404","LowVol"
"1405","LowVol"
"1406","LowVol"
"1407","LowVol"
"1408","LowVol"
"1409","LowVol"
"1410","LowVol"
"1411","LowVol"
"1412","LowVol"
"1413","LowVol"
"1414","LowVol"
"1415","LowVol"
"1416","LowVol"
"1417","LowVol"
"1418","LowVol"
"1419","LowVol"
"1420","LowVol"
"1421","LowVol"
"1422","LowVol"
"1423","LowVol"
"1424","LowVol"
"1425","LowVol"
"1426","LowVol"
"1427","LowVol"
"1428","LowVol"
"1429","LowVol"
"1430","LowVol"
"1431","LowVol"
"1432","LowVol"
"1433","LowVol"
"1434","LowVol"
"1435","LowVol"
"1436","LowVol"
"1437","LowVol"
"1438","LowVol"
"1439","LowVol"
"1440","LowVol"
"1441","LowVol"
"1442","LowVol"
"1443","LowVol"
"1444","LowVol"
"1445","LowVol"
"1446","LowVol"
"1447","LowVol"
"1448","LowVol"
"1449","LowVol"
"1450","LowVol"
"1451","LowVol"
"1452","LowVol"
"1453","LowVol"
"1454","LowVol"
"1455","LowVol"
"1456","LowVol"
"1457","LowVol"
"1458","Trans"
"1459","Trans"
"1460","Trans"
"1461","Trans"
"1462","Trans"
"1463","Trans"
"1464","Trans"
"1465","Trans"
"1466","Trans"
"1467","Trans"
"1468","Trans"
"1469","Trans"
"1470","Trans"
"1471","Trans"
"1472","Trans"
"1473","Trans"
"1474","Trans"
"1475","LowVol"
"1476","LowVol"
"1477","LowVol"
"1478","LowVol"
"1479","LowVol"
"1480","LowVol"
"1481","LowVol"
"1482","LowVol"
"1483","LowVol"
"1484","LowVol"
"1485","LowVol"
"1486","LowVol"
"1487","LowVol"
"1488","LowVol"
"1489","LowVol"
"1490","LowVol"
"1491","LowVol"
"1492","LowVol"
"1493","LowVol"
"1494","LowVol"
"1495","LowVol"
"1496","LowVol"
"1497","LowVol"
"1498","LowVol"
"1499","LowVol"
"1500","LowVol"
"1501","LowVol"
"1502","LowVol"
"1503","LowVol"
"1504","LowVol"
"1505","LowVol"
"1506","LowVol"
"1507","LowVol"
"1508","LowVol"
"1509","LowVol"
"1510","LowVol"
"1511","LowVol"
"1512","LowVol"
"1513","LowVol"
"1514","LowVol"
"1515","LowVol"
"1516","LowVol"
"1517","LowVol"
"1518","LowVol"
"1519","LowVol"
"1520","LowVol"
"1521","LowVol"
"1522","LowVol"
"1523","LowVol"
"1524","LowVol"
"1525","LowVol"
"1526","LowVol"
"1527","LowVol"
"1528","LowVol"
"1529","LowVol"
"1530","LowVol"
"1531","LowVol"
"1532","LowVol"
"1533","LowVol"
"1534","LowVol"
"1535","LowVol"
"1536","LowVol"
"1537","LowVol"
"1538","LowVol"
"1539","LowVol"
"1540","LowVol"
"1541","LowVol"
"1542","LowVol"
"1543","LowVol"
"1544","LowVol"
"1545","LowVol"
"1546","LowVol"
"1547","LowVol"
"1548","LowVol"
"1549","LowVol"
"1550","LowVol"
"1551","LowVol"
"1552","LowVol"
"1553","LowVol"
"1554","LowVol"
"1555","LowVol"
"1556","LowVol"
"1557","LowVol"
"1558","LowVol"
"1559","LowVol"
"1560","LowVol"
"1561","LowVol"
"1562","LowVol"
"1563","LowVol"
"1564","LowVol"
"1565","LowVol"
"1566","LowVol"
"1567","LowVol"
"1568","LowVol"
"1569","LowVol"
"1570","LowVol"
"1571","LowVol"
"1572","LowVol"
"1573","LowVol"
"1574","LowVol"
"1575","LowVol"
"1576","LowVol"
"1577","LowVol"
"1578","LowVol"
"1579","LowVol"
"1580","LowVol"
"1581","LowVol"
"1582","LowVol"
"1583","LowVol"
"1584","LowVol"
"1585","LowVol"
"1586","LowVol"
"1587","LowVol"
"1588","LowVol"
"1589","LowVol"
"1590","LowVol"
"1591","LowVol"
"1592","LowVol"
"1593","LowVol"
"1594","LowVol"
"1595","LowVol"
"1596","LowVol"
"1597","LowVol"
"1598","LowVol"
"1599","LowVol"
"1600","LowVol"
"1601","Trans"
"1602","Trans"
"1603","LowVol"
"1604","LowVol"
"1605","LowVol"
"1606","LowVol"
"1607","LowVol"
"1608","LowVol"
"1609","Trans"
"1610","Trans"
"1611","Trans"
"1612","Trans"
"1613","Trans"
"1614","Trans"
"1615","Trans"
"1616","Trans"
"1617","Trans"
"1618","Trans"
"1619","Trans"
"1620","Trans"
"1621","Trans"
"1622","Trans"
"1623","Trans"
"1624","Trans"
"1625","Trans"
"1626","Trans"
"1627","Trans"
"1628","Trans"
"1629","Trans"
"1630","Trans"
"1631","Trans"
"1632","Trans"
"1633","Trans"
"1634","Trans"
"1635","Trans"
"1636","Trans"
"1637","Trans"
"1638","Trans"
"1639","Trans"
"1640","Trans"
"1641","Trans"
"1642","Trans"
"1643","Trans"
"1644","Trans"
"1645","Trans"
"1646","Trans"
"1647","Trans"
"1648","Trans"
"1649","Trans"
"1650","Trans"
"1651","Trans"
"1652","Trans"
"1653","Trans"
"1654","Trans"
"1655","Trans"
"1656","Trans"
"1657","Trans"
"1658","Trans"
"1659","LowVol"
"1660","LowVol"
"1661","LowVol"
"1662","LowVol"
"1663","LowVol"
"1664","LowVol"
"1665","LowVol"
"1666","LowVol"
"1667","LowVol"
"1668","LowVol"
"1669","LowVol"
"1670","LowVol"
"1671","LowVol"
"1672","LowVol"
"1673","LowVol"
"1674","LowVol"
"1675","LowVol"
"1676","LowVol"
"1677","LowVol"
"1678","LowVol"
"1679","LowVol"
"1680","LowVol"
"1681","LowVol"
"1682","LowVol"
"1683","LowVol"
"1684","LowVol"
"1685","LowVol"
"1686","LowVol"
"1687","LowVol"
"1688","LowVol"
"1689","LowVol"
"1690","LowVol"
"1691","LowVol"
"1692","LowVol"
"1693","LowVol"
"1694","LowVol"
"1695","LowVol"
"1696","LowVol"
"1697","LowVol"
"1698","LowVol"
"1699","LowVol"
"1700","LowVol"
"1701","LowVol"
"1702","LowVol"
"1703","LowVol"
"1704","LowVol"
"1705","LowVol"
"1706","LowVol"
"1707","LowVol"
"1708","LowVol"
"1709","LowVol"
"1710","LowVol"
"1711","LowVol"
"1712","LowVol"
"1713","LowVol"
"1714","LowVol"
"1715","LowVol"
"1716","LowVol"
"1717","LowVol"
"1718","LowVol"
"1719","LowVol"
"1720","LowVol"
"1721","LowVol"
"1722","LowVol"
"1723","LowVol"
"1724","LowVol"
"1725","LowVol"
"1726","LowVol"
"1727","LowVol"
"1728","LowVol"
"1729","LowVol"
"1730","LowVol"
"1731","LowVol"
"1732","LowVol"
"1733","LowVol"
"1734","LowVol"
"1735","LowVol"
"1736","LowVol"
"1737","LowVol"
"1738","LowVol"
"1739","LowVol"
"1740","LowVol"
"1741","LowVol"
"1742","LowVol"
"1743","LowVol"
"1744","LowVol"
"1745","LowVol"
"1746","LowVol"
"1747","LowVol"
"1748","LowVol"
"1749","LowVol"
"1750","LowVol"
"1751","LowVol"
"1752","LowVol"
"1753","LowVol"
"1754","LowVol"
"1755","LowVol"
"1756","LowVol"
"1757","LowVol"
"1758","LowVol"
"1759","LowVol"
"1760","LowVol"
"1761","LowVol"
"1762","LowVol"
"1763","LowVol"
"1764","LowVol"
"1765","LowVol"
"1766","LowVol"
"1767","LowVol"
"1768","LowVol"
"1769","LowVol"
"1770","LowVol"
"1771","LowVol"
"1772","LowVol"
"1773","LowVol"
"1774","LowVol"
"1775","LowVol"
"1776","LowVol"
"1777","LowVol"
"1778","LowVol"
"1779","LowVol"
"1780","LowVol"
"1781","LowVol"
"1782","LowVol"
"1783","LowVol"
"1784","LowVol"
"1785","LowVol"
"1786","LowVol"
"1787","LowVol"
"1788","LowVol"
"1789","LowVol"
"1790","LowVol"
"1791","LowVol"
"1792","LowVol"
"1793","LowVol"
"1794","LowVol"
"1795","LowVol"
"1796","HighVol"
"1797","HighVol"
"1798","Trans"
"1799","Trans"
"1800","Trans"
"1801","Trans"
"1802","Trans"
"1803","Trans"
"1804","Trans"
"1805","Trans"
"1806","Trans"
"1807","Trans"
"1808","Trans"
"1809","Trans"
"1810","Trans"
"1811","Trans"
"1812","Trans"
"1813","Trans"
"1814","Trans"
"1815","Trans"
"1816","Trans"
"1817","Trans"
"1818","Trans"
"1819","Trans"
"1820","Trans"
"1821","Trans"
"1822","Trans"
"1823","LowVol"
"1824","LowVol"
"1825","LowVol"
"1826","LowVol"
"1827","LowVol"
"1828","LowVol"
"1829","LowVol"
"1830","LowVol"
"1831","LowVol"
"1832","LowVol"
"1833","LowVol"
"1834","LowVol"
"1835","LowVol"
"1836","LowVol"
"1837","LowVol"
"1838","LowVol"
"1839","LowVol"
"1840","LowVol"
"1841","LowVol"
"1842","LowVol"
"1843","LowVol"
"1844","LowVol"
"1845","LowVol"
"1846","LowVol"
"1847","LowVol"
"1848","LowVol"
"1849","LowVol"
"1850","LowVol"
"1851","LowVol"
"1852","LowVol"
"1853","LowVol"
"1854","LowVol"
"1855","LowVol"
"1856","LowVol"
"1857","LowVol"
"1858","LowVol"
"1859","LowVol"
"1860","LowVol"
"1861","LowVol"
"1862","LowVol"
"1863","LowVol"
"1864","LowVol"
"1865","LowVol"
"1866","LowVol"
"1867","Trans"
"1868","LowVol"
"1869","Trans"
"1870","Trans"
"1871","Trans"
"1872","Trans"
"1873","Trans"
"1874","Trans"
"1875","Trans"
"1876","Trans"
"1877","Trans"
"1878","Trans"
"1879","Trans"
"1880","Trans"
"1881","Trans"
"1882","Trans"
"1883","Trans"
"1884","Trans"
"1885","Trans"
"1886","Trans"
"1887","Trans"
"1888","Trans"
"1889","Trans"
"1890","Trans"
"1891","Trans"
"1892","Trans"
"1893","Trans"
"1894","Trans"
"1895","Trans"
"1896","Trans"
"1897","Trans"
"1898","Trans"
"1899","Trans"
"1900","Trans"
"1901","Trans"
"1902","Trans"
"1903","Trans"
"1904","Trans"
"1905","Trans"
"1906","Trans"
"1907","Trans"
"1908","Trans"
"1909","Trans"
"1910","HighVol"
"1911","Trans"
"1912","Trans"
"1913","Trans"
"1914","Trans"
"1915","Trans"
"1916","Trans"
"1917","Trans"
"1918","Trans"
"1919","Trans"
"1920","Trans"
"1921","Trans"
"1922","Trans"
"1923","Trans"
"1924","Trans"
"1925","Trans"
"1926","Trans"
"1927","Trans"
"1928","Trans"
"1929","Trans"
"1930","Trans"
"1931","Trans"
"1932","Trans"
"1933","Trans"
"1934","Trans"
"1935","Trans"
"1936","Trans"
"1937","Trans"
"1938","Trans"
"1939","Trans"
"1940","Trans"
"1941","Trans"
"1942","Trans"
"1943","Trans"
"1944","Trans"
"1945","Trans"
"1946","Trans"
"1947","Trans"
"1948","Trans"
"1949","Trans"
"1950","Trans"
"1951","Trans"
"1952","Trans"
"1953","LowVol"
"1954","LowVol"
"1955","LowVol"
"1956","LowVol"
"1957","LowVol"
"1958","LowVol"
"1959","LowVol"
"1960","Trans"
"1961","Trans"
"1962","Trans"
"1963","Trans"
"1964","Trans"
"1965","Trans"
"1966","Trans"
"1967","Trans"
"1968","Trans"
"1969","Trans"
"1970","Trans"
"1971","Trans"
"1972","Trans"
"1973","Trans"
"1974","Trans"
"1975","Trans"
"1976","Trans"
"1977","Trans"
"1978","Trans"
"1979","Trans"
"1980","Trans"
"1981","Trans"
"1982","Trans"
"1983","Trans"
"1984","Trans"
"1985","Trans"
"1986","Trans"
"1987","Trans"
"1988","Trans"
"1989","Trans"
"1990","Trans"
"1991","Trans"
"1992","Trans"
"1993","Trans"
"1994","Trans"
"1995","Trans"
"1996","Trans"
"1997","Trans"
"1998","Trans"
"1999","Trans"
"2000","Trans"
"2001","Trans"
"2002","Trans"
"2003","Trans"
"2004","Trans"
"2005","Trans"
"2006","Trans"
"2007","Trans"
"2008","Trans"
"2009","Trans"
"2010","Trans"
"2011","Trans"
"2012","Trans"
"2013","Trans"
"2014","Trans"
"2015","Trans"
"2016","Trans"
"2017","Trans"
"2018","Trans"
"2019","Trans"
"2020","Trans"
"2021","Trans"
"2022","Trans"
"2023","Trans"
"2024","Trans"
"2025","Trans"
"2026","Trans"
"2027","Trans"
"2028","Trans"
"2029","Trans"
"2030","Trans"
"2031","Trans"
"2032","Trans"
"2033","Trans"
"2034","Trans"
"2035","Trans"
"2036","Trans"
"2037","Trans"
"2038","Trans"
"2039","Trans"
"2040","Trans"
"2041","Trans"
"2042","Trans"
"2043","Trans"
"2044","Trans"
"2045","Trans"
"2046","Trans"
"2047","Trans"
"2048","Trans"
"2049","Trans"
"2050","Trans"
"2051","Trans"
"2052","Trans"
"2053","Trans"
"2054","Trans"
"2055","Trans"
"2056","Trans"
"2057","Trans"
"2058","Trans"
"2059","Trans"
"2060","Trans"
"2061","Trans"
"2062","HighVol"
"2063","HighVol"
"2064","HighVol"
"2065","HighVol"
"2066","HighVol"
"2067","HighVol"
"2068","HighVol"
"2069","Trans"
"2070","Trans"
"2071","HighVol"
"2072","HighVol"
"2073","HighVol"
"2074","Trans"
"2075","Trans"
"2076","Trans"
"2077","Trans"
"2078","Trans"
"2079","Trans"
"2080","Trans"
"2081","Trans"
"2082","Trans"
"2083","Trans"
"2084","Trans"
"2085","Trans"
"2086","Trans"
"2087","Trans"
"2088","Trans"
"2089","Trans"
"2090","Trans"
"2091","Trans"
"2092","Trans"
"2093","Trans"
"2094","Trans"
"2095","Trans"
"2096","Trans"
"2097","Trans"
"2098","Trans"
"2099","Trans"
"2100","Trans"
"2101","Trans"
"2102","Trans"
"2103","Trans"
"2104","Trans"
"2105","Trans"
"2106","Trans"
"2107","Trans"
"2108","Trans"
"2109","Trans"
"2110","Trans"
"2111","Trans"
"2112","Trans"
"2113","Trans"
"2114","Trans"
"2115","Trans"
"2116","Trans"
"2117","Trans"
"2118","Trans"
"2119","Trans"
"2120","Trans"
"2121","Trans"
"2122","Trans"
"2123","Trans"
"2124","Trans"
"2125","Trans"
"2126","Trans"
"2127","Trans"
"2128","Trans"
"2129","Trans"
"2130","Trans"
"2131","Trans"
"2132","Trans"
"2133","Trans"
"2134","Trans"
"2135","Trans"
"2136","Trans"
"2137","Trans"
"2138","Trans"
"2139","Trans"
"2140","Trans"
"2141","Trans"
"2142","Trans"
"2143","Trans"
"2144","Trans"
"2145","Trans"
"2146","Trans"
"2147","Trans"
"2148","Trans"
"2149","Trans"
"2150","Trans"
"2151","Trans"
"2152","Trans"
"2153","Trans"
"2154","Trans"
"2155","Trans"
"2156","Trans"
"2157","Trans"
"2158","Trans"
"2159","Trans"
"2160","Trans"
"2161","Trans"
"2162","Trans"
"2163","Trans"
"2164","Trans"
"2165","Trans"
"2166","Trans"
"2167","Trans"
"2168","Trans"
"2169","Trans"
"2170","Trans"
"2171","Trans"
"2172","Trans"
"2173","Trans"
"2174","Trans"
"2175","Trans"
"2176","Trans"
"2177","Trans"
"2178","Trans"
"2179","Trans"
"2180","Trans"
"2181","Trans"
"2182","Trans"
"2183","HighVol"
"2184","HighVol"
"2185","HighVol"
"2186","Trans"
"2187","HighVol"
"2188","HighVol"
"2189","HighVol"
"2190","HighVol"
"2191","HighVol"
"2192","HighVol"
"2193","HighVol"
"2194","HighVol"
"2195","HighVol"
"2196","HighVol"
"2197","HighVol"
"2198","HighVol"
"2199","HighVol"
"2200","HighVol"
"2201","HighVol"
"2202","HighVol"
"2203","HighVol"
"2204","HighVol"
"2205","HighVol"
"2206","HighVol"
"2207","HighVol"
"2208","HighVol"
"2209","HighVol"
"2210","HighVol"
"2211","HighVol"
"2212","HighVol"
"2213","HighVol"
"2214","HighVol"
"2215","HighVol"
"2216","HighVol"
"2217","HighVol"
"2218","HighVol"
"2219","HighVol"
"2220","HighVol"
"2221","HighVol"
"2222","HighVol"
"2223","HighVol"
"2224","HighVol"
"2225","HighVol"
"2226","HighVol"
"2227","HighVol"
"2228","HighVol"
"2229","HighVol"
"2230","HighVol"
"2231","HighVol"
"2232","HighVol"
"2233","HighVol"
"2234","HighVol"
"2235","HighVol"
"2236","HighVol"
"2237","HighVol"
"2238","HighVol"
"2239","HighVol"
"2240","HighVol"
"2241","HighVol"
"2242","HighVol"
"2243","HighVol"
"2244","HighVol"
"2245","HighVol"
"2246","HighVol"
"2247","HighVol"
"2248","HighVol"
"2249","HighVol"
"2250","HighVol"
"2251","HighVol"
"2252","HighVol"
"2253","HighVol"
"2254","HighVol"
"2255","HighVol"
"2256","HighVol"
"2257","HighVol"
"2258","HighVol"
"2259","Trans"
"2260","Trans"
"2261","Trans"
"2262","Trans"
"2263","HighVol"
"2264","HighVol"
"2265","HighVol"
"2266","HighVol"
"2267","HighVol"
"2268","HighVol"
"2269","HighVol"
"2270","HighVol"
"2271","HighVol"
"2272","HighVol"
"2273","HighVol"
"2274","HighVol"
"2275","HighVol"
"2276","HighVol"
"2277","HighVol"
"2278","HighVol"
"2279","HighVol"
"2280","HighVol"
"2281","HighVol"
"2282","HighVol"
"2283","HighVol"
"2284","HighVol"
"2285","HighVol"
"2286","HighVol"
"2287","HighVol"
"2288","HighVol"
"2289","HighVol"
"2290","HighVol"
"2291","HighVol"
"2292","HighVol"
"2293","HighVol"
"2294","HighVol"
"2295","HighVol"
"2296","HighVol"
"2297","HighVol"
"2298","HighVol"
"2299","HighVol"
"2300","HighVol"
"2301","HighVol"
"2302","HighVol"
"2303","HighVol"
"2304","HighVol"
"2305","HighVol"
"2306","HighVol"
"2307","HighVol"
"2308","HighVol"
"2309","HighVol"
"2310","HighVol"
"2311","HighVol"
"2312","HighVol"
"2313","HighVol"
"2314","HighVol"
"2315","HighVol"
"2316","HighVol"
"2317","HighVol"
"2318","HighVol"
"2319","HighVol"
"2320","HighVol"
"2321","HighVol"
"2322","HighVol"
"2323","HighVol"
"2324","HighVol"
"2325","HighVol"
"2326","HighVol"
"2327","HighVol"
"2328","HighVol"
"2329","HighVol"
"2330","HighVol"
"2331","HighVol"
"2332","HighVol"
"2333","HighVol"
"2334","HighVol"
"2335","HighVol"
"2336","HighVol"
"2337","HighVol"
"2338","HighVol"
"2339","HighVol"
"2340","HighVol"
"2341","HighVol"
"2342","HighVol"
"2343","HighVol"
"2344","Trans"
"2345","Trans"
"2346","HighVol"
"2347","HighVol"
"2348","HighVol"
"2349","HighVol"
"2350","HighVol"
"2351","HighVol"
"2352","HighVol"
"2353","HighVol"
"2354","HighVol"
"2355","HighVol"
"2356","HighVol"
"2357","HighVol"
"2358","HighVol"
"2359","HighVol"
"2360","HighVol"
"2361","HighVol"
"2362","HighVol"
"2363","HighVol"
"2364","HighVol"
"2365","HighVol"
"2366","HighVol"
"2367","HighVol"
"2368","HighVol"
"2369","HighVol"
"2370","Trans"
"2371","Trans"
"2372","Trans"
"2373","Trans"
"2374","Trans"
"2375","Trans"
"2376","Trans"
"2377","Trans"
"2378","Trans"
"2379","Trans"
"2380","Trans"
"2381","Trans"
"2382","Trans"
"2383","Trans"
"2384","Trans"
"2385","Trans"
"2386","Trans"
"2387","Trans"
"2388","Trans"
"2389","Trans"
"2390","Trans"
"2391","Trans"
"2392","Trans"
"2393","Trans"
"2394","Trans"
"2395","Trans"
"2396","Trans"
"2397","Trans"
"2398","Trans"
"2399","Trans"
"2400","Trans"
"2401","Trans"
"2402","Trans"
"2403","Trans"
"2404","Trans"
"2405","Trans"
"2406","Trans"
"2407","Trans"
"2408","Trans"
"2409","Trans"
"2410","Trans"
"2411","Trans"
"2412","Trans"
"2413","Trans"
"2414","Trans"
"2415","Trans"
"2416","Trans"
"2417","Trans"
"2418","Trans"
"2419","Trans"
"2420","Trans"
"2421","Trans"
"2422","Trans"
"2423","Trans"
"2424","Trans"
"2425","Trans"
"2426","Trans"
"2427","Trans"
"2428","Trans"
"2429","Trans"
"2430","Trans"
"2431","Trans"
"2432","Trans"
"2433","Trans"
"2434","Trans"
"2435","Trans"
"2436","Trans"
"2437","Trans"
"2438","Trans"
"2439","Trans"
"2440","Trans"
"2441","Trans"
"2442","Trans"
"2443","Trans"
"2444","Trans"
"2445","Trans"
"2446","Trans"
"2447","Trans"
"2448","Trans"
"2449","Trans"
"2450","Trans"
"2451","Trans"
"2452","Trans"
"2453","Trans"
"2454","Trans"
"2455","Trans"
"2456","Trans"
"2457","Trans"
"2458","Trans"
"2459","Trans"
"2460","Trans"
"2461","Trans"
"2462","Trans"
"2463","Trans"
"2464","Trans"
"2465","Trans"
"2466","Trans"
"2467","Trans"
"2468","Trans"
"2469","Trans"
"2470","Trans"
"2471","Trans"
"2472","Trans"
"2473","Trans"
"2474","Trans"
"2475","Trans"
"2476","Trans"
"2477","Trans"
"2478","Trans"
"2479","Trans"
"2480","Trans"
"2481","Trans"
"2482","Trans"
"2483","Trans"
"2484","Trans"
"2485","Trans"
"2486","Trans"
"2487","Trans"
"2488","Trans"
"2489","Trans"
"2490","Trans"
"2491","Trans"
"2492","Trans"
"2493","Trans"
"2494","Trans"
"2495","Trans"
"2496","Trans"
"2497","Trans"
"2498","Trans"
"2499","Trans"
"2500","Trans"
"2501","Trans"
"2502","Trans"
"2503","Trans"
"2504","Trans"
"2505","Trans"
"2506","Trans"
"2507","Trans"
"2508","Trans"
"2509","Trans"
"2510","Trans"
"2511","Trans"
"2512","LowVol"
"2513","LowVol"
"2514","LowVol"
"2515","Trans"
"2516","Trans"
"2517","Trans"
"2518","LowVol"
"2519","LowVol"
"2520","LowVol"
"2521","LowVol"
"2522","LowVol"
"2523","LowVol"
"2524","LowVol"
"2525","Trans"
"2526","Trans"
"2527","Trans"
"2528","Trans"
"2529","Trans"
"2530","Trans"
"2531","Trans"
"2532","Trans"
"2533","Trans"
"2534","Trans"
"2535","Trans"
"2536","Trans"
"2537","Trans"
"2538","Trans"
"2539","Trans"
"2540","Trans"
"2541","Trans"
"2542","Trans"
"2543","Trans"
"2544","Trans"
"2545","Trans"
"2546","Trans"
"2547","Trans"
"2548","Trans"
"2549","Trans"
"2550","Trans"
"2551","Trans"
"2552","Trans"
"2553","Trans"
"2554","Trans"
"2555","Trans"
"2556","Trans"
"2557","Trans"
"2558","Trans"
"2559","Trans"
"2560","Trans"
"2561","LowVol"
"2562","LowVol"
"2563","LowVol"
"2564","LowVol"
"2565","LowVol"
"2566","LowVol"
"2567","LowVol"
"2568","LowVol"
"2569","LowVol"
"2570","LowVol"
"2571","LowVol"
"2572","LowVol"
"2573","LowVol"
"2574","LowVol"
"2575","LowVol"
"2576","LowVol"
"2577","LowVol"
"2578","LowVol"
"2579","LowVol"
"2580","LowVol"
"2581","LowVol"
"2582","LowVol"
"2583","LowVol"
"2584","LowVol"
"2585","LowVol"
"2586","LowVol"
"2587","LowVol"
"2588","LowVol"
"2589","LowVol"
"2590","LowVol"
"2591","LowVol"
"2592","LowVol"
"2593","Trans"
"2594","Trans"
"2595","Trans"
"2596","Trans"
"2597","Trans"
"2598","Trans"
"2599","Trans"
"2600","Trans"
"2601","Trans"
"2602","HighVol"
"2603","HighVol"
"2604","HighVol"
"2605","HighVol"
"2606","HighVol"
"2607","HighVol"
"2608","HighVol"
"2609","Trans"
"2610","HighVol"
"2611","HighVol"
"2612","HighVol"
"2613","HighVol"
"2614","HighVol"
"2615","HighVol"
"2616","HighVol"
"2617","HighVol"
"2618","HighVol"
"2619","HighVol"
"2620","HighVol"
"2621","HighVol"
"2622","HighVol"
"2623","HighVol"
"2624","HighVol"
"2625","HighVol"
"2626","HighVol"
"2627","HighVol"
"2628","HighVol"
"2629","HighVol"
"2630","Trans"
"2631","Trans"
"2632","Trans"
"2633","Trans"
"2634","Trans"
"2635","Trans"
"2636","Trans"
"2637","Trans"
"2638","Trans"
"2639","Trans"
"2640","Trans"
"2641","Trans"
"2642","Trans"
"2643","Trans"
"2644","Trans"
"2645","Trans"
"2646","Trans"
"2647","Trans"
"2648","Trans"
"2649","Trans"
"2650","Trans"
"2651","Trans"
"2652","Trans"
"2653","Trans"
"2654","Trans"
"2655","Trans"
"2656","Trans"
"2657","Trans"
"2658","Trans"
"2659","Trans"
"2660","Trans"
"2661","Trans"
"2662","Trans"
"2663","Trans"
"2664","Trans"
"2665","Trans"
"2666","Trans"
"2667","Trans"
"2668","Trans"
"2669","Trans"
"2670","Trans"
"2671","Trans"
"2672","Trans"
"2673","Trans"
"2674","Trans"
"2675","Trans"
"2676","Trans"
"2677","Trans"
"2678","Trans"
"2679","Trans"
"2680","Trans"
"2681","Trans"
"2682","Trans"
"2683","Trans"
"2684","Trans"
"2685","Trans"
"2686","Trans"
"2687","Trans"
"2688","Trans"
"2689","Trans"
"2690","Trans"
"2691","Trans"
"2692","Trans"
"2693","Trans"
"2694","Trans"
"2695","Trans"
"2696","Trans"
"2697","Trans"
"2698","Trans"
"2699","Trans"
"2700","Trans"
"2701","Trans"
"2702","Trans"
"2703","Trans"
"2704","Trans"
"2705","Trans"
"2706","Trans"
"2707","Trans"
"2708","Trans"
"2709","Trans"
"2710","Trans"
"2711","Trans"
"2712","Trans"
"2713","Trans"
"2714","LowVol"
"2715","Trans"
"2716","Trans"
"2717","Trans"
"2718","Trans"
"2719","Trans"
"2720","Trans"
"2721","LowVol"
"2722","LowVol"
"2723","LowVol"
"2724","LowVol"
"2725","LowVol"
"2726","LowVol"
"2727","Trans"
"2728","LowVol"
"2729","LowVol"
"2730","LowVol"
"2731","LowVol"
"2732","LowVol"
"2733","LowVol"
"2734","LowVol"
"2735","Trans"
"2736","Trans"
"2737","Trans"
"2738","Trans"
"2739","Trans"
"2740","Trans"
"2741","Trans"
"2742","Trans"
"2743","Trans"
"2744","Trans"
"2745","Trans"
"2746","Trans"
"2747","Trans"
"2748","Trans"
"2749","Trans"
"2750","Trans"
"2751","Trans"
"2752","Trans"
"2753","Trans"
"2754","LowVol"
"2755","LowVol"
"2756","LowVol"
"2757","LowVol"
"2758","LowVol"
"2759","LowVol"
"2760","LowVol"
"2761","LowVol"
"2762","LowVol"
"2763","LowVol"
"2764","LowVol"
"2765","LowVol"
"2766","LowVol"
"2767","LowVol"
"2768","LowVol"
"2769","LowVol"
"2770","LowVol"
"2771","LowVol"
"2772","LowVol"
"2773","LowVol"
"2774","LowVol"
"2775","LowVol"
"2776","LowVol"
"2777","LowVol"
"2778","LowVol"
"2779","LowVol"
"2780","LowVol"
"2781","LowVol"
"2782","LowVol"
"2783","LowVol"
"2784","LowVol"
"2785","LowVol"
"2786","LowVol"
"2787","Trans"
"2788","Trans"
"2789","Trans"
"2790","LowVol"
"2791","LowVol"
"2792","LowVol"
"2793","LowVol"
"2794","LowVol"
"2795","LowVol"
"2796","LowVol"
"2797","LowVol"
"2798","LowVol"
"2799","LowVol"
"2800","LowVol"
"2801","Trans"
"2802","Trans"
"2803","LowVol"
"2804","Trans"
"2805","LowVol"
"2806","Trans"
"2807","Trans"
"2808","Trans"
"2809","Trans"
"2810","Trans"
"2811","Trans"
"2812","Trans"
"2813","Trans"
"2814","Trans"
"2815","Trans"
"2816","Trans"
"2817","Trans"
"2818","Trans"
"2819","Trans"
"2820","Trans"
"2821","Trans"
"2822","Trans"
"2823","Trans"
"2824","Trans"
"2825","Trans"
"2826","Trans"
"2827","Trans"
"2828","Trans"
"2829","Trans"
"2830","LowVol"
"2831","LowVol"
"2832","LowVol"
"2833","LowVol"
"2834","LowVol"
"2835","LowVol"
"2836","LowVol"
"2837","LowVol"
"2838","LowVol"
"2839","LowVol"
"2840","LowVol"
"2841","LowVol"
"2842","LowVol"
"2843","LowVol"
"2844","LowVol"
"2845","LowVol"
"2846","LowVol"
"2847","LowVol"
"2848","LowVol"
"2849","LowVol"
"2850","LowVol"
"2851","LowVol"
"2852","LowVol"
"2853","LowVol"
"2854","LowVol"
"2855","LowVol"
"2856","LowVol"
"2857","LowVol"
"2858","LowVol"
"2859","LowVol"
"2860","LowVol"
"2861","LowVol"
"2862","LowVol"
"2863","LowVol"
"2864","LowVol"
"2865","LowVol"
"2866","LowVol"
"2867","LowVol"
"2868","LowVol"
"2869","LowVol"
"2870","Trans"
"2871","Trans"
"2872","Trans"
"2873","Trans"
"2874","Trans"
"2875","Trans"
"2876","Trans"
"2877","Trans"
"2878","Trans"
"2879","Trans"
"2880","Trans"
"2881","Trans"
"2882","Trans"
"2883","Trans"
"2884","Trans"
"2885","Trans"
"2886","Trans"
"2887","Trans"
"2888","Trans"
"2889","Trans"
"2890","Trans"
"2891","Trans"
"2892","Trans"
"2893","Trans"
"2894","Trans"
"2895","Trans"
"2896","Trans"
"2897","Trans"
"2898","Trans"
"2899","Trans"
"2900","Trans"
"2901","Trans"
"2902","Trans"
"2903","Trans"
"2904","Trans"
"2905","Trans"
"2906","Trans"
"2907","Trans"
"2908","Trans"
"2909","Trans"
"2910","Trans"
"2911","Trans"
"2912","Trans"
"2913","Trans"
"2914","Trans"
"2915","HighVol"
"2916","HighVol"
"2917","HighVol"
"2918","HighVol"
"2919","HighVol"
"2920","HighVol"
"2921","HighVol"
"2922","HighVol"
"2923","HighVol"
"2924","HighVol"
"2925","HighVol"
"2926","HighVol"
"2927","HighVol"
"2928","HighVol"
"2929","HighVol"
"2930","HighVol"
"2931","HighVol"
"2932","HighVol"
"2933","HighVol"
"2934","HighVol"
"2935","HighVol"
"2936","HighVol"
"2937","HighVol"
"2938","HighVol"
"2939","HighVol"
"2940","HighVol"
"2941","HighVol"
"2942","HighVol"
"2943","HighVol"
"2944","HighVol"
"2945","HighVol"
"2946","Trans"
"2947","Trans"
"2948","HighVol"
"2949","HighVol"
"2950","HighVol"
"2951","HighVol"
"2952","HighVol"
"2953","HighVol"
"2954","HighVol"
"2955","HighVol"
"2956","HighVol"
"2957","HighVol"
"2958","HighVol"
"2959","HighVol"
"2960","HighVol"
"2961","HighVol"
"2962","HighVol"
"2963","HighVol"
"2964","HighVol"
"2965","HighVol"
"2966","HighVol"
"2967","HighVol"
"2968","HighVol"
"2969","HighVol"
"2970","HighVol"
"2971","HighVol"
"2972","HighVol"
"2973","HighVol"
"2974","HighVol"
"2975","HighVol"
"2976","HighVol"
"2977","HighVol"
"2978","HighVol"
"2979","HighVol"
"2980","HighVol"
"2981","HighVol"
"2982","HighVol"
"2983","HighVol"
"2984","HighVol"
"2985","HighVol"
"2986","HighVol"
"2987","HighVol"
"2988","HighVol"
"2989","HighVol"
"2990","HighVol"
"2991","HighVol"
"2992","Trans"
"2993","HighVol"
"2994","Trans"
"2995","HighVol"
"2996","HighVol"
"2997","HighVol"
"2998","HighVol"
"2999","HighVol"
"3000","HighVol"
"3001","Trans"
"3002","Trans"
"3003","Trans"
"3004","Trans"
"3005","Trans"
"3006","Trans"
"3007","Trans"
"3008","Trans"
"3009","Trans"
"3010","Trans"
"3011","Trans"
"3012","Trans"
"3013","Trans"
"3014","Trans"
"3015","Trans"
"3016","Trans"
"3017","Trans"
"3018","Trans"
"3019","Trans"
"3020","Trans"
"3021","Trans"
"3022","Trans"
"3023","Trans"
"3024","Trans"
"3025","Trans"
"3026","Trans"
"3027","Trans"
"3028","LowVol"
"3029","Trans"
"3030","LowVol"
"3031","LowVol"
"3032","LowVol"
"3033","LowVol"
"3034","LowVol"
"3035","LowVol"
"3036","LowVol"
"3037","LowVol"
"3038","LowVol"
"3039","LowVol"
"3040","LowVol"
"3041","LowVol"
"3042","LowVol"
"3043","LowVol"
"3044","LowVol"
"3045","LowVol"
"3046","LowVol"
"3047","LowVol"
"3048","LowVol"
"3049","LowVol"
"3050","LowVol"
"3051","LowVol"
"3052","LowVol"
"3053","LowVol"
"3054","LowVol"
"3055","LowVol"
"3056","LowVol"
"3057","LowVol"
"3058","LowVol"
"3059","LowVol"
"3060","LowVol"
"3061","LowVol"
"3062","LowVol"
"3063","LowVol"
"3064","LowVol"
"3065","LowVol"
"3066","LowVol"
"3067","LowVol"
"3068","LowVol"
"3069","LowVol"
"3070","LowVol"
"3071","LowVol"
"3072","LowVol"
"3073","LowVol"
"3074","LowVol"
"3075","LowVol"
"3076","LowVol"
"3077","LowVol"
"3078","LowVol"
"3079","LowVol"
"3080","LowVol"
"3081","LowVol"
"3082","LowVol"
"3083","LowVol"
"3084","LowVol"
"3085","LowVol"
"3086","Trans"
"3087","Trans"
"3088","Trans"
"3089","Trans"
"3090","Trans"
"3091","Trans"
"3092","Trans"
"3093","Trans"
"3094","Trans"
"3095","Trans"
"3096","Trans"
"3097","Trans"
"3098","Trans"
"3099","Trans"
"3100","Trans"
"3101","Trans"
"3102","Trans"
"3103","Trans"
"3104","Trans"
"3105","Trans"
"3106","Trans"
"3107","Trans"
"3108","Trans"
"3109","Trans"
"3110","Trans"
"3111","Trans"
"3112","Trans"
"3113","Trans"
"3114","Trans"
"3115","Trans"
"3116","Trans"
"3117","Trans"
"3118","Trans"
"3119","Trans"
"3120","Trans"
"3121","Trans"
"3122","Trans"
"3123","Trans"
"3124","Trans"
"3125","Trans"
"3126","Trans"
"3127","Trans"
"3128","Trans"
"3129","Trans"
"3130","Trans"
"3131","Trans"
"3132","Trans"
"3133","Trans"
"3134","Trans"
"3135","Trans"
"3136","Trans"
"3137","Trans"
"3138","Trans"
"3139","Trans"
"3140","Trans"
"3141","Trans"
"3142","Trans"
"3143","Trans"
"3144","Trans"
"3145","Trans"
"3146","Trans"
"3147","Trans"
"3148","Trans"
"3149","Trans"
"3150","Trans"
"3151","Trans"
"3152","Trans"
"3153","Trans"
"3154","Trans"
"3155","Trans"
"3156","Trans"
"3157","Trans"
"3158","Trans"
"3159","Trans"
"3160","Trans"
"3161","Trans"
"3162","Trans"
"3163","Trans"
"3164","Trans"
"3165","Trans"
"3166","Trans"
"3167","Trans"
"3168","Trans"
"3169","Trans"
"3170","Trans"
"3171","Trans"
"3172","Trans"
"3173","Trans"
"3174","LowVol"
"3175","LowVol"
"3176","LowVol"
"3177","LowVol"
"3178","LowVol"
"3179","LowVol"
"3180","LowVol"
"3181","LowVol"
"3182","LowVol"
"3183","LowVol"
"3184","LowVol"
"3185","LowVol"
"3186","LowVol"
"3187","LowVol"
"3188","LowVol"
"3189","LowVol"
"3190","LowVol"
"3191","LowVol"
"3192","LowVol"
"3193","LowVol"
"3194","LowVol"
"3195","LowVol"
"3196","LowVol"
"3197","LowVol"
"3198","LowVol"
"3199","LowVol"
"3200","LowVol"
"3201","LowVol"
"3202","LowVol"
"3203","LowVol"
"3204","LowVol"
"3205","LowVol"
"3206","LowVol"
"3207","LowVol"
"3208","LowVol"
"3209","LowVol"
"3210","LowVol"
"3211","LowVol"
"3212","LowVol"
"3213","LowVol"
"3214","LowVol"
"3215","LowVol"
"3216","LowVol"
"3217","LowVol"
"3218","LowVol"
"3219","LowVol"
"3220","LowVol"
"3221","LowVol"
"3222","LowVol"
"3223","Trans"
"3224","LowVol"
"3225","LowVol"
"3226","LowVol"
"3227","LowVol"
"3228","LowVol"
"3229","LowVol"
"3230","LowVol"
"3231","LowVol"
"3232","Trans"
"3233","Trans"
"3234","Trans"
"3235","Trans"
"3236","Trans"
"3237","Trans"
"3238","Trans"
"3239","Trans"
"3240","Trans"
"3241","Trans"
"3242","Trans"
"3243","Trans"
"3244","Trans"
"3245","Trans"
"3246","Trans"
"3247","Trans"
"3248","Trans"
"3249","Trans"
"3250","Trans"
"3251","Trans"
"3252","LowVol"
"3253","LowVol"
"3254","LowVol"
"3255","LowVol"
"3256","LowVol"
"3257","LowVol"
"3258","LowVol"
"3259","LowVol"
"3260","LowVol"
"3261","LowVol"
"3262","LowVol"
"3263","LowVol"
"3264","LowVol"
"3265","LowVol"
"3266","LowVol"
"3267","LowVol"
"3268","Trans"
"3269","Trans"
"3270","Trans"
"3271","Trans"
"3272","Trans"
"3273","Trans"
"3274","Trans"
"3275","Trans"
"3276","Trans"
"3277","Trans"
"3278","LowVol"
"3279","LowVol"
"3280","LowVol"
"3281","LowVol"
"3282","LowVol"
"3283","LowVol"
"3284","LowVol"
"3285","LowVol"
"3286","LowVol"
"3287","LowVol"
"3288","LowVol"
"3289","LowVol"
"3290","LowVol"
"3291","LowVol"
"3292","LowVol"
"3293","LowVol"
"3294","LowVol"
"3295","LowVol"
"3296","LowVol"
"3297","LowVol"
"3298","LowVol"
"3299","LowVol"
"3300","LowVol"
"3301","LowVol"
"3302","LowVol"
"3303","LowVol"
"3304","LowVol"
"3305","Trans"
"3306","Trans"
"3307","Trans"
"3308","Trans"
"3309","Trans"
"3310","Trans"
"3311","Trans"
"3312","LowVol"
"3313","LowVol"
"3314","LowVol"
"3315","LowVol"
"3316","LowVol"
"3317","LowVol"
"3318","LowVol"
"3319","LowVol"
"3320","LowVol"
"3321","LowVol"
"3322","LowVol"
"3323","LowVol"
"3324","LowVol"
"3325","LowVol"
"3326","LowVol"
"3327","LowVol"
"3328","LowVol"
"3329","LowVol"
"3330","LowVol"
"3331","LowVol"
"3332","LowVol"
"3333","LowVol"
"3334","LowVol"
"3335","LowVol"
"3336","LowVol"
"3337","LowVol"
"3338","LowVol"
"3339","Trans"
"3340","Trans"
"3341","Trans"
"3342","Trans"
"3343","Trans"
"3344","Trans"
"3345","Trans"
"3346","Trans"
"3347","Trans"
"3348","Trans"
"3349","Trans"
"3350","Trans"
"3351","Trans"
"3352","Trans"
"3353","Trans"
"3354","Trans"
"3355","Trans"
"3356","Trans"
"3357","Trans"
"3358","LowVol"
"3359","LowVol"
"3360","LowVol"
"3361","LowVol"
"3362","LowVol"
"3363","LowVol"
"3364","LowVol"
"3365","LowVol"
"3366","LowVol"
"3367","LowVol"
"3368","LowVol"
"3369","LowVol"
"3370","LowVol"
"3371","LowVol"
"3372","LowVol"
"3373","LowVol"
"3374","LowVol"
"3375","LowVol"
"3376","LowVol"
"3377","Trans"
"3378","Trans"
"3379","Trans"
"3380","Trans"
"3381","Trans"
"3382","Trans"
"3383","Trans"
"3384","Trans"
"3385","Trans"
"3386","Trans"
"3387","Trans"
"3388","Trans"
"3389","Trans"
"3390","Trans"
"3391","Trans"
"3392","Trans"
"3393","Trans"
"3394","Trans"
"3395","Trans"
"3396","Trans"
"3397","Trans"
"3398","Trans"
"3399","Trans"
"3400","Trans"
"3401","Trans"
"3402","Trans"
"3403","Trans"
"3404","LowVol"
"3405","LowVol"
"3406","LowVol"
"3407","LowVol"
"3408","LowVol"
"3409","LowVol"
"3410","LowVol"
"3411","LowVol"
"3412","LowVol"
"3413","LowVol"
"3414","LowVol"
"3415","LowVol"
"3416","LowVol"
"3417","LowVol"
"3418","LowVol"
"3419","LowVol"
"3420","LowVol"
"3421","LowVol"
"3422","LowVol"
"3423","LowVol"
"3424","LowVol"
"3425","LowVol"
"3426","LowVol"
"3427","LowVol"
"3428","LowVol"
"3429","LowVol"
"3430","LowVol"
"3431","LowVol"
"3432","LowVol"
"3433","LowVol"
"3434","LowVol"
"3435","LowVol"
"3436","LowVol"
"3437","LowVol"
"3438","LowVol"
"3439","LowVol"
"3440","LowVol"
"3441","LowVol"
"3442","LowVol"
"3443","LowVol"
"3444","LowVol"
"3445","LowVol"
"3446","LowVol"
"3447","LowVol"
"3448","LowVol"
"3449","LowVol"
"3450","LowVol"
"3451","LowVol"
"3452","LowVol"
"3453","LowVol"
"3454","LowVol"
"3455","LowVol"
"3456","LowVol"
"3457","LowVol"
"3458","LowVol"
"3459","LowVol"
"3460","LowVol"
"3461","LowVol"
"3462","LowVol"
"3463","LowVol"
"3464","Trans"
"3465","Trans"
"3466","Trans"
"3467","Trans"
"3468","Trans"
"3469","Trans"
"3470","Trans"
"3471","Trans"
"3472","Trans"
"3473","Trans"
"3474","LowVol"
"3475","LowVol"
"3476","LowVol"
"3477","LowVol"
"3478","LowVol"
"3479","LowVol"
"3480","LowVol"
"3481","LowVol"
"3482","LowVol"
"3483","LowVol"
"3484","LowVol"
"3485","LowVol"
"3486","LowVol"
"3487","LowVol"
"3488","LowVol"
"3489","LowVol"
"3490","LowVol"
"3491","LowVol"
"3492","LowVol"
"3493","LowVol"
"3494","LowVol"
"3495","LowVol"
"3496","LowVol"
"3497","LowVol"
"3498","LowVol"
"3499","LowVol"
"3500","LowVol"
"3501","LowVol"
"3502","LowVol"
"3503","LowVol"
"3504","LowVol"
"3505","LowVol"
"3506","LowVol"
"3507","LowVol"
"3508","LowVol"
"3509","LowVol"
"3510","LowVol"
"3511","LowVol"
"3512","LowVol"
"3513","LowVol"
"3514","LowVol"
"3515","LowVol"
"3516","LowVol"
"3517","LowVol"
"3518","LowVol"
"3519","LowVol"
"3520","LowVol"
"3521","LowVol"
"3522","LowVol"
"3523","LowVol"
"3524","LowVol"
"3525","LowVol"
"3526","LowVol"
"3527","LowVol"
"3528","LowVol"
"3529","LowVol"
"3530","LowVol"
"3531","LowVol"
"3532","LowVol"
"3533","LowVol"
"3534","LowVol"
"3535","LowVol"
"3536","Trans"
"3537","Trans"
"3538","Trans"
"3539","Trans"
"3540","Trans"
"3541","Trans"
"3542","Trans"
"3543","Trans"
"3544","Trans"
"3545","Trans"
"3546","Trans"
"3547","Trans"
"3548","Trans"
"3549","Trans"
"3550","Trans"
"3551","Trans"
"3552","Trans"
"3553","Trans"
"3554","Trans"
"3555","Trans"
"3556","Trans"
"3557","LowVol"
"3558","LowVol"
"3559","LowVol"
"3560","LowVol"
"3561","LowVol"
"3562","LowVol"
"3563","LowVol"
"3564","LowVol"
"3565","LowVol"
"3566","LowVol"
"3567","LowVol"
"3568","LowVol"
"3569","LowVol"
"3570","LowVol"
"3571","LowVol"
"3572","LowVol"
"3573","LowVol"
"3574","LowVol"
"3575","LowVol"
"3576","LowVol"
"3577","LowVol"
"3578","LowVol"
"3579","LowVol"
"3580","LowVol"
"3581","LowVol"
"3582","LowVol"
"3583","LowVol"
"3584","LowVol"
"3585","LowVol"
"3586","LowVol"
"3587","LowVol"
"3588","LowVol"
"3589","Trans"
"3590","Trans"
"3591","Trans"
"3592","Trans"
"3593","Trans"
"3594","Trans"
"3595","Trans"
"3596","Trans"
"3597","Trans"
"3598","Trans"
"3599","Trans"
"3600","Trans"
"3601","Trans"
"3602","LowVol"
"3603","LowVol"
"3604","LowVol"
"3605","LowVol"
"3606","LowVol"
"3607","LowVol"
"3608","LowVol"
"3609","LowVol"
"3610","LowVol"
"3611","LowVol"
"3612","LowVol"
"3613","LowVol"
"3614","LowVol"
"3615","LowVol"
"3616","LowVol"
"3617","LowVol"
"3618","LowVol"
"3619","LowVol"
"3620","LowVol"
"3621","LowVol"
"3622","LowVol"
"3623","LowVol"
"3624","LowVol"
"3625","LowVol"
"3626","LowVol"
"3627","LowVol"
"3628","LowVol"
"3629","LowVol"
"3630","LowVol"
"3631","LowVol"
"3632","LowVol"
"3633","LowVol"
"3634","LowVol"
"3635","LowVol"
"3636","LowVol"
"3637","LowVol"
"3638","LowVol"
"3639","LowVol"
"3640","LowVol"
"3641","LowVol"
"3642","LowVol"
"3643","LowVol"
"3644","LowVol"
"3645","LowVol"
"3646","LowVol"
"3647","LowVol"
"3648","LowVol"
"3649","LowVol"
"3650","LowVol"
"3651","LowVol"
"3652","LowVol"
"3653","LowVol"
"3654","LowVol"
"3655","LowVol"
"3656","LowVol"
"3657","LowVol"
"3658","LowVol"
"3659","LowVol"
"3660","LowVol"
"3661","LowVol"
"3662","LowVol"
"3663","LowVol"
"3664","LowVol"
"3665","LowVol"
"3666","Trans"
"3667","Trans"
"3668","LowVol"
"3669","Trans"
"3670","LowVol"
"3671","LowVol"
"3672","Trans"
"3673","LowVol"
"3674","LowVol"
"3675","LowVol"
"3676","LowVol"
"3677","LowVol"
"3678","LowVol"
"3679","LowVol"
"3680","LowVol"
"3681","LowVol"
"3682","LowVol"
"3683","LowVol"
"3684","LowVol"
"3685","LowVol"
"3686","LowVol"
"3687","LowVol"
"3688","LowVol"
"3689","LowVol"
"3690","LowVol"
"3691","LowVol"
"3692","LowVol"
"3693","LowVol"
"3694","LowVol"
"3695","LowVol"
"3696","LowVol"
"3697","LowVol"
"3698","LowVol"
"3699","LowVol"
"3700","LowVol"
"3701","LowVol"
"3702","LowVol"
"3703","LowVol"
"3704","LowVol"
"3705","LowVol"
"3706","LowVol"
"3707","LowVol"
"3708","LowVol"
"3709","LowVol"
"3710","LowVol"
"3711","LowVol"
"3712","LowVol"
"3713","Trans"
"3714","Trans"
"3715","Trans"
"3716","Trans"
"3717","Trans"
"3718","Trans"
"3719","Trans"
"3720","Trans"
"3721","Trans"
"3722","Trans"
"3723","Trans"
"3724","Trans"
"3725","Trans"
"3726","Trans"
"3727","Trans"
"3728","Trans"
"3729","Trans"
"3730","Trans"
"3731","Trans"
"3732","Trans"
"3733","Trans"
"3734","Trans"
"3735","Trans"
"3736","Trans"
"3737","Trans"
"3738","LowVol"
"3739","LowVol"
"3740","LowVol"
"3741","LowVol"
"3742","LowVol"
"3743","LowVol"
"3744","LowVol"
"3745","LowVol"
"3746","LowVol"
"3747","LowVol"
"3748","LowVol"
"3749","LowVol"
"3750","LowVol"
"3751","LowVol"
"3752","LowVol"
"3753","LowVol"
"3754","LowVol"
"3755","LowVol"
"3756","LowVol"
"3757","LowVol"
"3758","LowVol"
"3759","LowVol"
"3760","Trans"
"3761","Trans"
"3762","Trans"
"3763","Trans"
"3764","Trans"
"3765","Trans"
"3766","Trans"
"3767","Trans"
"3768","Trans"
"3769","Trans"
"3770","Trans"
"3771","LowVol"
"3772","Trans"
"3773","Trans"
"3774","Trans"
"3775","Trans"
"3776","Trans"
"3777","Trans"
"3778","Trans"
"3779","Trans"
"3780","Trans"
"3781","Trans"
"3782","Trans"
"3783","Trans"
"3784","Trans"
"3785","Trans"
"3786","Trans"
"3787","Trans"
"3788","Trans"
"3789","Trans"
"3790","Trans"
"3791","Trans"
"3792","Trans"
"3793","Trans"
"3794","Trans"
"3795","Trans"
"3796","Trans"
"3797","Trans"
"3798","Trans"
"3799","Trans"
"3800","Trans"
"3801","Trans"
"3802","Trans"
"3803","Trans"
"3804","Trans"
"3805","Trans"
"3806","Trans"
"3807","LowVol"
"3808","LowVol"
"3809","LowVol"
"3810","LowVol"
"3811","LowVol"
"3812","LowVol"
"3813","LowVol"
"3814","LowVol"
"3815","LowVol"
"3816","LowVol"
"3817","LowVol"
"3818","Trans"
"3819","Trans"
"3820","Trans"
"3821","Trans"
"3822","Trans"
"3823","Trans"
"3824","Trans"
"3825","Trans"
"3826","Trans"
"3827","Trans"
"3828","Trans"
"3829","Trans"
"3830","Trans"
"3831","Trans"
"3832","Trans"
"3833","Trans"
"3834","Trans"
"3835","Trans"
"3836","Trans"
"3837","Trans"
"3838","Trans"
"3839","Trans"
"3840","Trans"
"3841","Trans"
"3842","LowVol"
"3843","LowVol"
"3844","LowVol"
"3845","LowVol"
"3846","LowVol"
"3847","LowVol"
"3848","LowVol"
"3849","LowVol"
"3850","LowVol"
"3851","LowVol"
"3852","LowVol"
"3853","LowVol"
"3854","LowVol"
"3855","LowVol"
"3856","LowVol"
"3857","LowVol"
"3858","LowVol"
"3859","LowVol"
"3860","LowVol"
"3861","LowVol"
"3862","LowVol"
"3863","LowVol"
"3864","LowVol"
"3865","LowVol"
"3866","LowVol"
"3867","LowVol"
"3868","LowVol"
"3869","LowVol"
"3870","LowVol"
"3871","LowVol"
"3872","LowVol"
"3873","LowVol"
"3874","LowVol"
"3875","LowVol"
"3876","LowVol"
"3877","LowVol"
"3878","LowVol"
"3879","LowVol"
"3880","LowVol"
"3881","LowVol"
"3882","LowVol"
"3883","LowVol"
"3884","LowVol"
"3885","LowVol"
"3886","LowVol"
"3887","LowVol"
"3888","LowVol"
"3889","LowVol"
"3890","LowVol"
"3891","LowVol"
"3892","LowVol"
"3893","LowVol"
"3894","LowVol"
"3895","Trans"
"3896","Trans"
"3897","Trans"
"3898","LowVol"
"3899","LowVol"
"3900","LowVol"
"3901","Trans"
"3902","Trans"
"3903","Trans"
"3904","Trans"
"3905","Trans"
"3906","Trans"
"3907","Trans"
"3908","Trans"
"3909","Trans"
"3910","LowVol"
"3911","LowVol"
"3912","LowVol"
"3913","Trans"
"3914","LowVol"
"3915","Trans"
"3916","Trans"
"3917","Trans"
"3918","LowVol"
"3919","LowVol"
"3920","LowVol"
"3921","LowVol"
"3922","LowVol"
"3923","LowVol"
"3924","LowVol"
"3925","LowVol"
"3926","LowVol"
"3927","LowVol"
"3928","LowVol"
"3929","LowVol"
"3930","LowVol"
"3931","LowVol"
"3932","Trans"
"3933","Trans"
"3934","HighVol"
"3935","HighVol"
"3936","HighVol"
"3937","HighVol"
"3938","HighVol"
"3939","HighVol"
"3940","HighVol"
"3941","HighVol"
"3942","HighVol"
"3943","HighVol"
"3944","HighVol"
"3945","HighVol"
"3946","HighVol"
"3947","HighVol"
"3948","HighVol"
"3949","Trans"
"3950","Trans"
"3951","Trans"
"3952","Trans"
"3953","Trans"
"3954","Trans"
"3955","Trans"
"3956","Trans"
"3957","Trans"
"3958","Trans"
"3959","Trans"
"3960","Trans"
"3961","Trans"
"3962","Trans"
"3963","Trans"
"3964","Trans"
"3965","Trans"
"3966","Trans"
"3967","Trans"
"3968","Trans"
"3969","Trans"
"3970","Trans"
"3971","Trans"
"3972","Trans"
"3973","Trans"
"3974","Trans"
"3975","Trans"
"3976","Trans"
"3977","Trans"
"3978","Trans"
"3979","Trans"
"3980","Trans"
"3981","Trans"
"3982","Trans"
"3983","Trans"
"3984","Trans"
"3985","Trans"
"3986","Trans"
"3987","Trans"
"3988","Trans"
"3989","Trans"
"3990","Trans"
"3991","Trans"
"3992","Trans"
"3993","Trans"
"3994","Trans"
"3995","Trans"
"3996","Trans"
"3997","Trans"
"3998","Trans"
"3999","Trans"
"4000","Trans"
"4001","Trans"
"4002","LowVol"
"4003","Trans"
"4004","Trans"
"4005","Trans"
"4006","Trans"
"4007","Trans"
"4008","Trans"
"4009","Trans"
"4010","Trans"
"4011","Trans"
"4012","Trans"
"4013","Trans"
"4014","Trans"
"4015","Trans"
"4016","Trans"
"4017","Trans"
"4018","Trans"
"4019","Trans"
"4020","Trans"
"4021","Trans"
"4022","Trans"
"4023","Trans"
"4024","Trans"
"4025","Trans"
"4026","Trans"
"4027","Trans"
"4028","Trans"
"4029","Trans"
"4030","Trans"
"4031","Trans"
"4032","Trans"
"4033","Trans"
"4034","Trans"
"4035","Trans"
"4036","Trans"
"4037","Trans"
"4038","Trans"
"4039","Trans"
"4040","Trans"
"4041","Trans"
"4042","Trans"
"4043","Trans"
"4044","Trans"
"4045","Trans"
"4046","Trans"
"4047","Trans"
"4048","Trans"
"4049","Trans"
"4050","Trans"
"4051","Trans"
"4052","Trans"
"4053","Trans"
"4054","Trans"
"4055","Trans"
"4056","Trans"
"4057","Trans"
"4058","Trans"
"4059","Trans"
"4060","Trans"
"4061","Trans"
"4062","Trans"
"4063","Trans"
"4064","Trans"
"4065","Trans"
"4066","Trans"
"4067","Trans"
"4068","Trans"
"4069","Trans"
"4070","Trans"
"4071","Trans"
"4072","Trans"
"4073","Trans"
"4074","Trans"
"4075","Trans"
"4076","Trans"
"4077","Trans"
"4078","Trans"
"4079","LowVol"
"4080","LowVol"
"4081","LowVol"
"4082","LowVol"
"4083","LowVol"
"4084","LowVol"
"4085","LowVol"
"4086","LowVol"
"4087","LowVol"
"4088","LowVol"
"4089","LowVol"
"4090","LowVol"
"4091","LowVol"
"4092","LowVol"
"4093","LowVol"
"4094","LowVol"
"4095","LowVol"
"4096","LowVol"
"4097","LowVol"
"4098","LowVol"
"4099","LowVol"
"4100","LowVol"
"4101","LowVol"
"4102","LowVol"
"4103","LowVol"
"4104","LowVol"
"4105","LowVol"
"4106","LowVol"
"4107","LowVol"
"4108","LowVol"
"4109","LowVol"
"4110","LowVol"
"4111","LowVol"
"4112","LowVol"
"4113","LowVol"
"4114","LowVol"
"4115","LowVol"
"4116","LowVol"
"4117","LowVol"
"4118","LowVol"
"4119","LowVol"
"4120","LowVol"
"4121","LowVol"
"4122","LowVol"
"4123","LowVol"
"4124","LowVol"
"4125","LowVol"
"4126","LowVol"
"4127","LowVol"
"4128","LowVol"
"4129","LowVol"
"4130","LowVol"
"4131","LowVol"
"4132","LowVol"
"4133","LowVol"
"4134","LowVol"
"4135","LowVol"
"4136","LowVol"
"4137","LowVol"
"4138","LowVol"
"4139","LowVol"
"4140","LowVol"
"4141","LowVol"
"4142","LowVol"
"4143","LowVol"
"4144","LowVol"
"4145","HighVol"
"4146","HighVol"
"4147","HighVol"
"4148","HighVol"
"4149","HighVol"
"4150","Trans"
"4151","Trans"
"4152","Trans"
"4153","Trans"
"4154","Trans"
"4155","Trans"
"4156","Trans"
"4157","Trans"
"4158","Trans"
"4159","Trans"
"4160","Trans"
"4161","Trans"
"4162","LowVol"
"4163","LowVol"
"4164","LowVol"
"4165","LowVol"
"4166","LowVol"
"4167","LowVol"
"4168","LowVol"
"4169","LowVol"
"4170","LowVol"
"4171","LowVol"
"4172","LowVol"
"4173","LowVol"
"4174","LowVol"
"4175","LowVol"
"4176","LowVol"
"4177","LowVol"
"4178","LowVol"
"4179","LowVol"
"4180","LowVol"
"4181","LowVol"
"4182","LowVol"
"4183","LowVol"
"4184","LowVol"
"4185","LowVol"
"4186","LowVol"
"4187","LowVol"
"4188","LowVol"
"4189","LowVol"
"4190","LowVol"
"4191","LowVol"
"4192","LowVol"
"4193","LowVol"
"4194","LowVol"
"4195","LowVol"
"4196","LowVol"
"4197","LowVol"
"4198","Trans"
"4199","Trans"
"4200","Trans"
"4201","Trans"
"4202","Trans"
"4203","Trans"
"4204","Trans"
"4205","Trans"
"4206","Trans"
"4207","Trans"
"4208","Trans"
"4209","Trans"
"4210","Trans"
"4211","Trans"
"4212","Trans"
"4213","Trans"
"4214","Trans"
"4215","Trans"
"4216","Trans"
"4217","Trans"
"4218","LowVol"
"4219","LowVol"
"4220","Trans"
"4221","Trans"
"4222","LowVol"
"4223","LowVol"
"4224","LowVol"
"4225","LowVol"
"4226","LowVol"
"4227","LowVol"
"4228","LowVol"
"4229","LowVol"
"4230","LowVol"
"4231","LowVol"
"4232","LowVol"
"4233","LowVol"
"4234","LowVol"
"4235","LowVol"
"4236","LowVol"
"4237","LowVol"
"4238","LowVol"
"4239","Trans"
"4240","Trans"
"4241","Trans"
"4242","LowVol"
"4243","LowVol"
"4244","LowVol"
"4245","LowVol"
"4246","LowVol"
"4247","LowVol"
"4248","LowVol"
"4249","LowVol"
"4250","LowVol"
"4251","LowVol"
"4252","LowVol"
"4253","LowVol"
"4254","LowVol"
"4255","LowVol"
"4256","LowVol"
"4257","LowVol"
"4258","LowVol"
"4259","LowVol"
"4260","LowVol"
"4261","LowVol"
"4262","LowVol"
"4263","LowVol"
"4264","LowVol"
"4265","LowVol"
"4266","LowVol"
"4267","LowVol"
"4268","LowVol"
"4269","LowVol"
"4270","LowVol"
"4271","LowVol"
"4272","LowVol"
"4273","LowVol"
"4274","LowVol"
"4275","LowVol"
"4276","LowVol"
"4277","LowVol"
"4278","LowVol"
"4279","LowVol"
"4280","LowVol"
"4281","LowVol"
"4282","LowVol"
"4283","LowVol"
"4284","LowVol"
"4285","LowVol"
"4286","LowVol"
"4287","LowVol"
"4288","LowVol"
"4289","LowVol"
"4290","LowVol"
"4291","LowVol"
"4292","LowVol"
"4293","LowVol"
"4294","LowVol"
"4295","LowVol"
"4296","LowVol"
"4297","LowVol"
"4298","LowVol"
"4299","LowVol"
"4300","LowVol"
"4301","LowVol"
"4302","LowVol"
"4303","LowVol"
"4304","LowVol"
"4305","LowVol"
"4306","LowVol"
"4307","LowVol"
"4308","LowVol"
"4309","LowVol"
"4310","LowVol"
"4311","LowVol"
"4312","LowVol"
"4313","LowVol"
"4314","LowVol"
"4315","LowVol"
"4316","LowVol"
"4317","LowVol"
"4318","LowVol"
"4319","LowVol"
"4320","LowVol"
"4321","LowVol"
"4322","LowVol"
"4323","LowVol"
"4324","LowVol"
"4325","LowVol"
"4326","LowVol"
"4327","LowVol"
"4328","LowVol"
"4329","LowVol"
"4330","LowVol"
"4331","LowVol"
"4332","LowVol"
"4333","LowVol"
"4334","LowVol"
"4335","LowVol"
"4336","LowVol"
"4337","LowVol"
"4338","LowVol"
"4339","LowVol"
"4340","LowVol"
"4341","LowVol"
"4342","LowVol"
"4343","LowVol"
"4344","LowVol"
"4345","LowVol"
"4346","LowVol"
"4347","LowVol"
"4348","LowVol"
"4349","LowVol"
"4350","LowVol"
"4351","LowVol"
"4352","LowVol"
"4353","LowVol"
"4354","LowVol"
"4355","LowVol"
"4356","LowVol"
"4357","LowVol"
"4358","LowVol"
"4359","LowVol"
"4360","LowVol"
"4361","LowVol"
"4362","LowVol"
"4363","LowVol"
"4364","LowVol"
"4365","LowVol"
"4366","LowVol"
"4367","LowVol"
"4368","LowVol"
"4369","LowVol"
"4370","LowVol"
"4371","LowVol"
"4372","LowVol"
"4373","LowVol"
"4374","LowVol"
"4375","LowVol"
"4376","LowVol"
"4377","LowVol"
"4378","LowVol"
"4379","LowVol"
"4380","LowVol"
"4381","LowVol"
"4382","LowVol"
"4383","LowVol"
"4384","LowVol"
"4385","LowVol"
"4386","LowVol"
"4387","LowVol"
"4388","LowVol"
"4389","LowVol"
"4390","LowVol"
"4391","LowVol"
"4392","LowVol"
"4393","LowVol"
"4394","LowVol"
"4395","LowVol"
"4396","LowVol"
"4397","LowVol"
"4398","LowVol"
"4399","LowVol"
"4400","LowVol"
"4401","LowVol"
"4402","LowVol"
"4403","LowVol"
"4404","LowVol"
"4405","LowVol"
"4406","LowVol"
"4407","LowVol"
"4408","LowVol"
"4409","LowVol"
"4410","LowVol"
"4411","LowVol"
"4412","LowVol"
"4413","LowVol"
"4414","LowVol"
"4415","LowVol"
"4416","LowVol"
"4417","LowVol"
"4418","LowVol"
"4419","LowVol"
"4420","LowVol"
"4421","LowVol"
"4422","LowVol"
"4423","LowVol"
"4424","LowVol"
"4425","LowVol"
"4426","LowVol"
"4427","LowVol"
"4428","LowVol"
"4429","LowVol"
"4430","LowVol"
"4431","LowVol"
"4432","LowVol"
"4433","LowVol"
"4434","LowVol"
"4435","LowVol"
"4436","LowVol"
"4437","LowVol"
"4438","LowVol"
"4439","LowVol"
"4440","LowVol"
"4441","LowVol"
"4442","LowVol"
"4443","LowVol"
"4444","LowVol"
"4445","LowVol"
"4446","LowVol"
"4447","LowVol"
"4448","LowVol"
"4449","LowVol"
"4450","LowVol"
"4451","LowVol"
"4452","LowVol"
"4453","LowVol"
"4454","LowVol"
"4455","LowVol"
"4456","LowVol"
"4457","LowVol"
"4458","LowVol"
"4459","LowVol"
"4460","LowVol"
"4461","LowVol"
"4462","LowVol"
"4463","LowVol"
"4464","LowVol"
"4465","LowVol"
"4466","LowVol"
"4467","LowVol"
"4468","LowVol"
"4469","LowVol"
"4470","LowVol"
"4471","LowVol"
"4472","LowVol"
"4473","LowVol"
"4474","LowVol"
"4475","LowVol"
"4476","LowVol"
"4477","LowVol"
"4478","LowVol"
"4479","LowVol"
"4480","LowVol"
"4481","LowVol"
"4482","LowVol"
"4483","LowVol"
"4484","LowVol"
"4485","LowVol"
"4486","LowVol"
"4487","LowVol"
"4488","LowVol"
"4489","LowVol"
"4490","LowVol"
"4491","LowVol"
"4492","LowVol"
"4493","LowVol"
"4494","LowVol"
"4495","LowVol"
"4496","LowVol"
"4497","LowVol"
"4498","LowVol"
"4499","LowVol"
"4500","LowVol"
"4501","LowVol"
"4502","LowVol"
"4503","LowVol"
"4504","LowVol"
"4505","LowVol"
"4506","LowVol"
"4507","LowVol"
"4508","LowVol"
"4509","LowVol"
"4510","LowVol"
"4511","LowVol"
"4512","LowVol"
"4513","LowVol"
"4514","LowVol"
"4515","LowVol"
"4516","LowVol"
"4517","LowVol"
"4518","LowVol"
"4519","LowVol"
"4520","LowVol"
"4521","LowVol"
"4522","LowVol"
"4523","LowVol"
"4524","LowVol"
"4525","LowVol"
"4526","LowVol"
"4527","LowVol"
"4528","LowVol"
"4529","LowVol"
"4530","LowVol"
"4531","LowVol"
"4532","LowVol"
"4533","LowVol"
"4534","LowVol"
"4535","LowVol"
"4536","LowVol"
"4537","LowVol"
"4538","LowVol"
"4539","LowVol"
"4540","LowVol"
"4541","LowVol"
"4542","LowVol"
"4543","LowVol"
"4544","LowVol"
"4545","LowVol"
"4546","LowVol"
"4547","LowVol"
"4548","LowVol"
"4549","LowVol"
"4550","Trans"
"4551","HighVol"
"4552","HighVol"
"4553","HighVol"
"4554","HighVol"
"4555","HighVol"
"4556","HighVol"
"4557","HighVol"
"4558","HighVol"
"4559","HighVol"
"4560","Trans"
"4561","Trans"
"4562","Trans"
"4563","Trans"
"4564","Trans"
"4565","Trans"
"4566","Trans"
"4567","Trans"
"4568","Trans"
"4569","Trans"
"4570","Trans"
"4571","Trans"
"4572","Trans"
"4573","Trans"
"4574","Trans"
"4575","Trans"
"4576","Trans"
"4577","Trans"
"4578","Trans"
"4579","Trans"
"4580","Trans"
"4581","Trans"
"4582","Trans"
"4583","Trans"
"4584","Trans"
"4585","Trans"
"4586","Trans"
"4587","Trans"
"4588","Trans"
"4589","Trans"
"4590","Trans"
"4591","Trans"
"4592","Trans"
"4593","Trans"
"4594","Trans"
"4595","Trans"
"4596","Trans"
"4597","Trans"
"4598","Trans"
"4599","Trans"
"4600","Trans"
"4601","Trans"
"4602","Trans"
"4603","Trans"
"4604","Trans"
"4605","Trans"
"4606","Trans"
"4607","Trans"
"4608","Trans"
"4609","Trans"
"4610","Trans"
"4611","Trans"
"4612","Trans"
"4613","Trans"
"4614","Trans"
"4615","Trans"
"4616","Trans"
"4617","Trans"
"4618","Trans"
"4619","Trans"
"4620","Trans"
"4621","Trans"
"4622","Trans"
"4623","LowVol"
"4624","LowVol"
"4625","LowVol"
"4626","LowVol"
"4627","LowVol"
"4628","LowVol"
"4629","LowVol"
"4630","LowVol"
"4631","LowVol"
"4632","Trans"
"4633","LowVol"
"4634","LowVol"
"4635","LowVol"
"4636","LowVol"
"4637","LowVol"
"4638","LowVol"
"4639","LowVol"
"4640","LowVol"
"4641","LowVol"
"4642","LowVol"
"4643","LowVol"
"4644","LowVol"
"4645","LowVol"
"4646","LowVol"
"4647","LowVol"
"4648","LowVol"
"4649","LowVol"
"4650","LowVol"
"4651","LowVol"
"4652","LowVol"
"4653","LowVol"
"4654","LowVol"
"4655","LowVol"
"4656","LowVol"
"4657","LowVol"
"4658","LowVol"
"4659","LowVol"
"4660","LowVol"
"4661","LowVol"
"4662","LowVol"
"4663","LowVol"
"4664","LowVol"
"4665","LowVol"
"4666","LowVol"
"4667","LowVol"
"4668","LowVol"
"4669","LowVol"
"4670","LowVol"
"4671","LowVol"
"4672","LowVol"
"4673","LowVol"
"4674","LowVol"
"4675","LowVol"
"4676","LowVol"
"4677","LowVol"
"4678","LowVol"
"4679","LowVol"
"4680","LowVol"
"4681","LowVol"
"4682","LowVol"
"4683","LowVol"
"4684","LowVol"
"4685","LowVol"
"4686","LowVol"
"4687","LowVol"
"4688","LowVol"
"4689","LowVol"
"4690","LowVol"
"4691","LowVol"
"4692","LowVol"
"4693","LowVol"
"4694","LowVol"
"4695","LowVol"
"4696","LowVol"
"4697","LowVol"
"4698","LowVol"
"4699","LowVol"
"4700","LowVol"
"4701","LowVol"
"4702","LowVol"
"4703","LowVol"
"4704","LowVol"
"4705","LowVol"
"4706","LowVol"
"4707","LowVol"
"4708","LowVol"
"4709","LowVol"
"4710","LowVol"
"4711","LowVol"
"4712","LowVol"
"4713","LowVol"
"4714","LowVol"
"4715","LowVol"
"4716","LowVol"
"4717","LowVol"
"4718","LowVol"
"4719","LowVol"
"4720","LowVol"
"4721","LowVol"
"4722","LowVol"
"4723","Trans"
"4724","HighVol"
"4725","HighVol"
"4726","Trans"
"4727","HighVol"
"4728","Trans"
"4729","Trans"
"4730","Trans"
"4731","Trans"
"4732","Trans"
"4733","Trans"
"4734","Trans"
"4735","Trans"
"4736","Trans"
"4737","Trans"
"4738","Trans"
"4739","Trans"
"4740","Trans"
"4741","Trans"
"4742","Trans"
"4743","Trans"
"4744","Trans"
"4745","Trans"
"4746","Trans"
"4747","Trans"
"4748","Trans"
"4749","Trans"
"4750","Trans"
"4751","Trans"
"4752","Trans"
"4753","Trans"
"4754","Trans"
"4755","Trans"
"4756","Trans"
"4757","Trans"
"4758","Trans"
"4759","Trans"
"4760","Trans"
"4761","Trans"
"4762","Trans"
"4763","Trans"
"4764","Trans"
"4765","Trans"
"4766","Trans"
"4767","Trans"
"4768","Trans"
"4769","Trans"
"4770","Trans"
"4771","Trans"
"4772","Trans"
"4773","Trans"
"4774","Trans"
"4775","HighVol"
"4776","HighVol"
"4777","HighVol"
"4778","HighVol"
"4779","Trans"
"4780","HighVol"
"4781","HighVol"
"4782","HighVol"
"4783","HighVol"
"4784","HighVol"
"4785","Trans"
"4786","Trans"
"4787","Trans"
"4788","Trans"
"4789","Trans"
"4790","Trans"
"4791","Trans"
"4792","Trans"
"4793","Trans"
"4794","Trans"
"4795","Trans"
"4796","Trans"
"4797","Trans"
"4798","Trans"
"4799","Trans"
"4800","Trans"
"4801","Trans"
"4802","Trans"
"4803","Trans"
"4804","Trans"
"4805","Trans"
"4806","Trans"
"4807","Trans"
"4808","Trans"
"4809","Trans"
"4810","Trans"
"4811","Trans"
"4812","Trans"
"4813","LowVol"
"4814","LowVol"
"4815","LowVol"
"4816","LowVol"
"4817","LowVol"
"4818","LowVol"
"4819","LowVol"
"4820","LowVol"
"4821","LowVol"
"4822","LowVol"
"4823","LowVol"
"4824","LowVol"
"4825","LowVol"
"4826","LowVol"
"4827","LowVol"
"4828","LowVol"
"4829","LowVol"
"4830","LowVol"
"4831","LowVol"
"4832","LowVol"
"4833","LowVol"
"4834","Trans"
"4835","Trans"
"4836","LowVol"
"4837","LowVol"
"4838","LowVol"
"4839","LowVol"
"4840","LowVol"
"4841","LowVol"
"4842","LowVol"
"4843","LowVol"
"4844","LowVol"
"4845","LowVol"
"4846","LowVol"
"4847","LowVol"
"4848","LowVol"
"4849","LowVol"
"4850","LowVol"
"4851","LowVol"
"4852","LowVol"
"4853","LowVol"
"4854","LowVol"
"4855","LowVol"
"4856","LowVol"
"4857","LowVol"
"4858","LowVol"
"4859","LowVol"
"4860","LowVol"
"4861","LowVol"
"4862","LowVol"
"4863","LowVol"
"4864","LowVol"
"4865","LowVol"
"4866","LowVol"
"4867","LowVol"
"4868","LowVol"
"4869","Trans"
"4870","Trans"
"4871","Trans"
"4872","Trans"
"4873","Trans"
"4874","Trans"
"4875","Trans"
"4876","Trans"
"4877","Trans"
"4878","Trans"
"4879","Trans"
"4880","Trans"
"4881","Trans"
"4882","Trans"
"4883","Trans"
"4884","Trans"
"4885","Trans"
"4886","Trans"
"4887","Trans"
"4888","Trans"
"4889","Trans"
"4890","Trans"
"4891","Trans"
"4892","Trans"
"4893","Trans"
"4894","Trans"
"4895","LowVol"
"4896","Trans"
"4897","LowVol"
"4898","LowVol"
"4899","LowVol"
"4900","LowVol"
"4901","LowVol"
"4902","LowVol"
"4903","LowVol"
"4904","LowVol"
"4905","LowVol"
"4906","LowVol"
"4907","LowVol"
"4908","LowVol"
"4909","LowVol"
"4910","LowVol"
"4911","LowVol"
"4912","LowVol"
"4913","LowVol"
"4914","LowVol"
"4915","LowVol"
"4916","LowVol"
"4917","LowVol"
"4918","LowVol"
"4919","LowVol"
"4920","LowVol"
"4921","LowVol"
"4922","LowVol"
"4923","LowVol"
"4924","LowVol"
"4925","LowVol"
"4926","LowVol"
"4927","Trans"
"4928","Trans"
"4929","Trans"
"4930","Trans"
"4931","Trans"
"4932","Trans"
"4933","Trans"
"4934","Trans"
"4935","Trans"
"4936","Trans"
"4937","Trans"
"4938","Trans"
"4939","Trans"
"4940","Trans"
"4941","Trans"
"4942","Trans"
"4943","Trans"
"4944","Trans"
"4945","Trans"
"4946","Trans"
"4947","Trans"
"4948","Trans"
"4949","Trans"
"4950","Trans"
"4951","Trans"
"4952","Trans"
"4953","Trans"
"4954","Trans"
"4955","Trans"
"4956","LowVol"
"4957","LowVol"
"4958","LowVol"
"4959","LowVol"
"4960","LowVol"
"4961","LowVol"
"4962","LowVol"
"4963","LowVol"
"4964","LowVol"
"4965","LowVol"
"4966","LowVol"
"4967","LowVol"
"4968","Trans"
"4969","Trans"
"4970","Trans"
"4971","Trans"
"4972","Trans"
"4973","Trans"
"4974","Trans"
"4975","Trans"
"4976","Trans"
"4977","Trans"
"4978","Trans"
"4979","Trans"
"4980","Trans"
"4981","Trans"
"4982","Trans"
"4983","Trans"
"4984","LowVol"
"4985","LowVol"
"4986","LowVol"
"4987","LowVol"
"4988","LowVol"
"4989","LowVol"
"4990","LowVol"
"4991","LowVol"
"4992","LowVol"
"4993","LowVol"
"4994","LowVol"
"4995","LowVol"
"4996","LowVol"
"4997","LowVol"
"4998","LowVol"
"4999","LowVol"
"5000","LowVol"
"5001","LowVol"
"5002","LowVol"
"5003","LowVol"
"5004","LowVol"
"5005","LowVol"
"5006","LowVol"
"5007","LowVol"
"5008","LowVol"
"5009","LowVol"
"5010","LowVol"
"5011","LowVol"
"5012","LowVol"
"5013","LowVol"
"5014","LowVol"
"5015","LowVol"
"5016","LowVol"
"5017","LowVol"
"5018","LowVol"
"5019","LowVol"
"5020","LowVol"
"5021","LowVol"
"5022","LowVol"
"5023","LowVol"
"5024","LowVol"
"5025","LowVol"
"5026","LowVol"
"5027","LowVol"
"5028","LowVol"
"5029","LowVol"
"5030","LowVol"
"5031","LowVol"
"5032","LowVol"
"5033","LowVol"
"5034","LowVol"
"5035","LowVol"
"5036","LowVol"
"5037","LowVol"
"5038","LowVol"
"5039","LowVol"
"5040","LowVol"
"5041","LowVol"
"5042","LowVol"
"5043","LowVol"
"5044","LowVol"
"5045","LowVol"
"5046","LowVol"
"5047","LowVol"
"5048","LowVol"
"5049","LowVol"
"5050","LowVol"
"5051","Trans"
"5052","Trans"
"5053","Trans"
"5054","Trans"
"5055","Trans"
"5056","Trans"
"5057","Trans"
"5058","Trans"
"5059","Trans"
"5060","Trans"
"5061","Trans"
"5062","Trans"
"5063","LowVol"
"5064","LowVol"
"5065","Trans"
"5066","Trans"
"5067","HighVol"
"5068","HighVol"
"5069","HighVol"
"5070","HighVol"
"5071","HighVol"
"5072","HighVol"
"5073","HighVol"
"5074","HighVol"
"5075","HighVol"
"5076","HighVol"
"5077","HighVol"
"5078","HighVol"
"5079","HighVol"
"5080","HighVol"
"5081","HighVol"
"5082","HighVol"
"5083","HighVol"
"5084","HighVol"
"5085","HighVol"
